Wooplr.com,https://www.mouthshut.com/product-reviews/Wooplr-com-reviews-925903197
Zovi.com,https://www.mouthshut.com/product-reviews/Zovi-com-reviews-925633661
Zotezo.com,https://www.mouthshut.com/product-reviews/Zotezo-com-reviews-925825089
Zopnow.com,https://www.mouthshut.com/product-reviews/Zopnow-com-reviews-925663393
Zooper.com,https://www.mouthshut.com/product-reviews/Zooper-com-reviews-925738676
Zoomshop.in,https://www.mouthshut.com/product-reviews/Zoomshop-in-reviews-925915403
Zoomin.com,https://www.mouthshut.com/product-reviews/Zoomin-com-reviews-925085549
Zoniic.com,https://www.mouthshut.com/product-reviews/Zoniic-com-reviews-925892466
Zohraa.com,https://www.mouthshut.com/product-reviews/Zohraa-com-reviews-925667201
Zoffio.com,https://www.mouthshut.com/product-reviews/Zoffio-com-reviews-925759765
Zobello.com,https://www.mouthshut.com/product-reviews/Zobello-com-reviews-925753989
Zivame.com,https://www.mouthshut.com/product-reviews/Zivame-com-reviews-925663750
Zipker.com,https://www.mouthshut.com/product-reviews/Zipker-com-reviews-925867114
Zelexfitness.com,https://www.mouthshut.com/product-reviews/Zelexfitness-com-reviews-925929294
Zefo.com,https://www.mouthshut.com/product-reviews/Zefo-com-reviews-925864867
Zazzle.com,https://www.mouthshut.com/product-reviews/Zazzle-com-reviews-925918566
Zapliving.com,https://www.mouthshut.com/product-reviews/Zapliving-com-reviews-925664731
Zansaar.com,https://www.mouthshut.com/product-reviews/Zansaar-com-reviews-925660692
Yzury.com,https://www.mouthshut.com/product-reviews/Yzury-com-reviews-925662241
Yuvastyle.com,https://www.mouthshut.com/product-reviews/Yuvastyle-com-reviews-925670232
Yumedeals.com,https://www.mouthshut.com/product-reviews/Yumedeals-com-reviews-925663763
Yroo.com,https://www.mouthshut.com/product-reviews/Yroo-com-reviews-925795887
YouCanSave.com,https://www.mouthshut.com/product-reviews/YouCanSave-com-reviews-925038875
Yobags.com,https://www.mouthshut.com/product-reviews/Yobags-com-reviews-925667366
Yerha.com,https://www.mouthshut.com/product-reviews/Yerha-com-reviews-925918414
Yepme.com,https://www.mouthshut.com/product-reviews/Yepme-com-reviews-925617244
Yebhi.com,https://www.mouthshut.com/product-reviews/Yebhi-com-reviews-925615287
Yapaa.com,https://www.mouthshut.com/product-reviews/Yapaa-com-reviews-925663155
Yaarikart.com,https://www.mouthshut.com/product-reviews/Yaarikart-com-reviews-925664733
Xteas.com,https://www.mouthshut.com/product-reviews/Xteas-com-reviews-925703435
Wowtrendy.com,https://www.mouthshut.com/product-reviews/Wowtrendy-com-reviews-925839370
Wooodeals.com,https://www.mouthshut.com/product-reviews/Wooodeals-com-reviews-925725963
Woodenstreet.com,https://www.mouthshut.com/product-reviews/Woodenstreet-com-reviews-925811226
Womanistan.com,https://www.mouthshut.com/product-reviews/Womanistan-com-reviews-925664732
Wishnbuy.com,https://www.mouthshut.com/product-reviews/Wishnbuy-com-reviews-925840225
Wish.com,https://www.mouthshut.com/product-reviews/Wish-com-reviews-925865381
Winni.in,https://www.mouthshut.com/product-reviews/Winni-in-reviews-925667852
Williampenn.net,https://www.mouthshut.com/product-reviews/Williampenn-net-reviews-925837812
Wildcraft.in,https://www.mouthshut.com/product-reviews/Wildcraft-in-reviews-925668361
Whysoserious.co.in,https://www.mouthshut.com/product-reviews/Whysoserious-co-in-reviews-925668120
Wheyproteinstore.in,https://www.mouthshut.com/product-reviews/Wheyproteinstore-in-reviews-925663759
Whaaky.com,https://www.mouthshut.com/product-reviews/Whaaky-com-reviews-925702789
Wforwoman.com,https://www.mouthshut.com/product-reviews/Wforwoman-com-reviews-925865180
Weddingz.in,https://www.mouthshut.com/product-reviews/Weddingz-in-reviews-925855207
WebmallIndia.com,https://www.mouthshut.com/product-reviews/WebmallIndia-com-reviews-925748113
Watchkart.com,https://www.mouthshut.com/product-reviews/Watchkart-com-reviews-925641751
Warmoven.in,https://www.mouthshut.com/product-reviews/Warmoven-in-reviews-925737955
Walmart.com,https://www.mouthshut.com/product-reviews/Walmart-com-reviews-925038176
WalGreens.com,https://www.mouthshut.com/product-reviews/WalGreens-com-reviews-925038720
Voylla.com,https://www.mouthshut.com/product-reviews/Voylla-com-reviews-925795477
Voxpop.com,https://www.mouthshut.com/product-reviews/Voxpop-com-reviews-925769259
Voonik.com,https://www.mouthshut.com/product-reviews/Voonik-com-reviews-925747640
Vmfashion.com,https://www.mouthshut.com/product-reviews/Vmfashion-com-reviews-925670218
Vlyke.com,https://www.mouthshut.com/product-reviews/Vlyke-com-reviews-925667972
Vivagroupindia.com,https://www.mouthshut.com/product-reviews/Vivagroupindia-com-reviews-925615691
Vistaprint.in,https://www.mouthshut.com/product-reviews/Vistaprint-in-reviews-925703232
VisitorFriendly.com,https://www.mouthshut.com/product-reviews/VisitorFriendly-com-reviews-925036000
Violetbag.com,https://www.mouthshut.com/product-reviews/Violetbag-com-reviews-925641048
Vinexshop.com,https://www.mouthshut.com/product-reviews/Vinexshop-com-reviews-925660392
Vilara.com,https://www.mouthshut.com/product-reviews/Vilara-com-reviews-925864866
VikingOffice.com ,https://www.mouthshut.com/product-reviews/VikingOffice-com-reviews-925036775
Velvetcase.com,https://www.mouthshut.com/product-reviews/Velvetcase-com-reviews-925738564
Varighty.com,https://www.mouthshut.com/product-reviews/Varighty-com-reviews-925669355
Vandvshop.com,https://www.mouthshut.com/product-reviews/Vandvshop-com-reviews-925731625
Uttamvastra.com,https://www.mouthshut.com/product-reviews/Uttamvastra-com-reviews-925826652
utsavfashion.com,https://www.mouthshut.com/product-reviews/utsavfashion-com-reviews-925702746
Urjakart.com,https://www.mouthshut.com/product-reviews/Urjakart-com-reviews-925861260
Urdoorstep.com,https://www.mouthshut.com/product-reviews/Urdoorstep-com-reviews-925839996
Urbantrend.in,https://www.mouthshut.com/product-reviews/Urbantrend-in-reviews-925665288
Urbantouch.com,https://www.mouthshut.com/product-reviews/Urbantouch-com-reviews-925660210
Urbanladder.com,https://www.mouthshut.com/product-reviews/Urbanladder-com-reviews-925667633
Urbandazzle.com,https://www.mouthshut.com/product-reviews/Urbandazzle-com-reviews-925738524
Urbanbrat.com,https://www.mouthshut.com/product-reviews/Urbanbrat-com-reviews-925668278
UpTownMart.com,https://www.mouthshut.com/product-reviews/UpTownMart-com-reviews-925007254
Uptownie101.com,https://www.mouthshut.com/product-reviews/Uptownie101-com-reviews-925914526
Uptowngaleria.com,https://www.mouthshut.com/product-reviews/Uptowngaleria-com-reviews-925668925
Uptown18.com,https://www.mouthshut.com/product-reviews/Uptown18-com-reviews-925840655
Upromise.com,https://www.mouthshut.com/product-reviews/Upromise-com-reviews-925042714
Univercell.in,https://www.mouthshut.com/product-reviews/Univercell-in-reviews-925053698
UncommonGoods.com,https://www.mouthshut.com/product-reviews/UncommonGoods-com-reviews-925046687
Udumalai.com,https://www.mouthshut.com/product-reviews/Udumalai-com-reviews-925640922
TyreOnWheels.com,https://www.mouthshut.com/product-reviews/TyreOnWheels-com-reviews-925740961
Type7.in,https://www.mouthshut.com/product-reviews/Type7-in-reviews-925928135
Turtlelittle.com,https://www.mouthshut.com/product-reviews/Turtlelittle-com-reviews-925855242
Turfkart.com,https://www.mouthshut.com/product-reviews/Turfkart-com-reviews-925667577
Tupples.com,https://www.mouthshut.com/product-reviews/Tupples-com-reviews-925662266
Tshirt.in,https://www.mouthshut.com/product-reviews/Tshirt-in-reviews-925043949
Trynbuyindia.com,https://www.mouthshut.com/product-reviews/Trynbuyindia-com-reviews-925668298
Trulyhyper.com,https://www.mouthshut.com/product-reviews/Trulyhyper-com-reviews-925873411
Trimlifestore.in,https://www.mouthshut.com/product-reviews/Trimlifestore-in-reviews-925703079
Trijewels.com,https://www.mouthshut.com/product-reviews/Trijewels-com-reviews-925069973
Trendybharat.com,https://www.mouthshut.com/product-reviews/Trendybharat-com-reviews-925834144
Trendin.com,https://www.mouthshut.com/product-reviews/Trendin-com-reviews-925670476
Tradus.com,https://www.mouthshut.com/product-reviews/Tradus-com-reviews-925667666
ToySrus.com,https://www.mouthshut.com/product-reviews/ToySrus-com-reviews-925036800
Toysrent.in,https://www.mouthshut.com/product-reviews/Toysrent-in-reviews-925702609
Toptomato.in,https://www.mouthshut.com/product-reviews/Toptomato-in-reviews-925664723
Topskin.co.in,https://www.mouthshut.com/product-reviews/Topskin-co-in-reviews-925664165
Tolexo.com,https://www.mouthshut.com/product-reviews/Tolexo-com-reviews-925728685
Togofogo.com,https://www.mouthshut.com/product-reviews/Togofogo-com-reviews-925748106
Tmart.com,https://www.mouthshut.com/product-reviews/Tmart-com-reviews-925668805
Titlus.com,https://www.mouthshut.com/product-reviews/Titlus-com-reviews-925641009
Titan.co.in,https://www.mouthshut.com/product-reviews/Titan-co-in-reviews-925828633
Tinysurprise.com,https://www.mouthshut.com/product-reviews/Tinysurprise-com-reviews-925614978
Tinydeal.com,https://www.mouthshut.com/product-reviews/Tinydeal-com-reviews-925788317
Timtara.com,https://www.mouthshut.com/product-reviews/Timtara-com-reviews-925617246
Timesdeal.com,https://www.mouthshut.com/product-reviews/Timesdeal-com-reviews-925642325
Tilia.in,https://www.mouthshut.com/product-reviews/Tilia-in-reviews-925642320
Tiffly.com,https://www.mouthshut.com/product-reviews/Tiffly-com-reviews-925641807
Tidebuy.com,https://www.mouthshut.com/product-reviews/Tidebuy-com-reviews-925790531
Ticketnew.com,https://www.mouthshut.com/product-reviews/Ticketnew-com-reviews-925774724
Ticketgenie.in,https://www.mouthshut.com/product-reviews/Ticketgenie-in-reviews-925667198
Thewatchshop.in,https://www.mouthshut.com/product-reviews/Thewatchshop-in-reviews-925633672
Thesurpriser.com,https://www.mouthshut.com/product-reviews/Thesurpriser-com-reviews-925664668
TheStore.in,https://www.mouthshut.com/product-reviews/TheStore-in-reviews-925741989
Thestiffcollar.com,https://www.mouthshut.com/product-reviews/Thestiffcollar-com-reviews-925641613
Theprivatesales.com,https://www.mouthshut.com/product-reviews/Theprivatesales-com-reviews-925631954
Thepostbox.in,https://www.mouthshut.com/product-reviews/Thepostbox-in-reviews-925840656
Thenorthface.com,https://www.mouthshut.com/product-reviews/Thenorthface-com-reviews-925816849
Themobilestore.in,https://www.mouthshut.com/product-reviews/Themobilestore-in-reviews-925104035
Theminimall.com,https://www.mouthshut.com/product-reviews/Theminimall-com-reviews-925667655
Theluxuryplace.com,https://www.mouthshut.com/product-reviews/Theluxuryplace-com-reviews-925043233
TheHungerSite.com,https://www.mouthshut.com/product-reviews/TheHungerSite-com-reviews-925038863
Thegiftipedia.com,https://www.mouthshut.com/product-reviews/Thegiftipedia-com-reviews-925904216
Thefragrance9.com,https://www.mouthshut.com/product-reviews/Thefragrance9-com-reviews-925670504
Thedostore.com,https://www.mouthshut.com/product-reviews/Thedostore-com-reviews-925670487
Thedenimstory.com,https://www.mouthshut.com/product-reviews/Thedenimstory-com-reviews-925872535
Tgoclothing.com,https://www.mouthshut.com/product-reviews/Tgoclothing-com-reviews-925662824
Textile - india.com,https://www.mouthshut.com/product-reviews/Textile-india-com-reviews-925642143
Tescodirect.com,https://www.mouthshut.com/product-reviews/Tescodirect-com-reviews-925027822
Tellyourprice.indiatimes.com,https://www.mouthshut.com/product-reviews/Tellyourprice-indiatimes-com-reviews-925052009
Telebrandsindia.com,https://www.mouthshut.com/product-reviews/Telebrandsindia-com-reviews-925641521
Tekkitees.com,https://www.mouthshut.com/product-reviews/Tekkitees-com-reviews-925668652
Teesort.com,https://www.mouthshut.com/product-reviews/Teesort-com-reviews-925640980
Tectotron.com,https://www.mouthshut.com/product-reviews/Tectotron-com-reviews-925872373
TC5.in,https://www.mouthshut.com/product-reviews/TC5-in-reviews-925793562
TBdress.com,https://www.mouthshut.com/product-reviews/TBdress-com-reviews-925774490
Tatacliq.com,https://www.mouthshut.com/product-reviews/Tatacliq-com-reviews-925864671
Target.com,https://www.mouthshut.com/product-reviews/Target-com-reviews-925040223
Tapyti.com,https://www.mouthshut.com/product-reviews/Tapyti-com-reviews-925670229
Tantghar.com,https://www.mouthshut.com/product-reviews/Tantghar-com-reviews-925670779
Taggle.com,https://www.mouthshut.com/product-reviews/Taggle-com-reviews-925615438
Tadpolestore.com,https://www.mouthshut.com/product-reviews/Tadpolestore-com-reviews-925769440
Syberplace.com,https://www.mouthshut.com/product-reviews/Syberplace-com-reviews-925813201
Swarovski.com,https://www.mouthshut.com/product-reviews/Swarovski-com-reviews-925739635
Swagshirts99.com,https://www.mouthshut.com/product-reviews/Swagshirts99-com-reviews-925922893
Suzalin.com,https://www.mouthshut.com/product-reviews/Suzalin-com-reviews-925663084
Surpluss.in,https://www.mouthshut.com/product-reviews/Surpluss-in-reviews-925712689
Surface180.com,https://www.mouthshut.com/product-reviews/Surface180-com-reviews-925805340
Suratdiamond.com,https://www.mouthshut.com/product-reviews/Suratdiamond-com-reviews-925602837
Sunglassesindia.com,https://www.mouthshut.com/product-reviews/Sunglassesindia-com-reviews-925643835
Sundayrest.com,https://www.mouthshut.com/product-reviews/Sundayrest-com-reviews-925862115
Sundaykart.com,https://www.mouthshut.com/product-reviews/Sundaykart-com-reviews-925840439
Stylista.com,https://www.mouthshut.com/product-reviews/Stylista-com-reviews-925839793
Styletag.com,https://www.mouthshut.com/product-reviews/Styletag-com-reviews-925702584
Styleos.com,https://www.mouthshut.com/product-reviews/Styleos-com-reviews-925660216
Stylecraze.com,https://www.mouthshut.com/product-reviews/Stylecraze-com-reviews-925642152
StreetStyleStore.com,https://www.mouthshut.com/product-reviews/StreetStyleStore-com-reviews-925725996
Strawberrynet.com,https://www.mouthshut.com/product-reviews/Strawberrynet-com-reviews-925723448
Straightline.in,https://www.mouthshut.com/product-reviews/Straightline-in-reviews-925702860
Storewalk.in,https://www.mouthshut.com/product-reviews/Storewalk-in-reviews-925748383
Storeji.com,https://www.mouthshut.com/product-reviews/Storeji-com-reviews-925666994
Storeguru.com,https://www.mouthshut.com/product-reviews/Storeguru-com-reviews-925080291
Store.Apple.com,https://www.mouthshut.com/product-reviews/Store-Apple-com-reviews-925036006
Stophere.in,https://www.mouthshut.com/product-reviews/Stophere-in-reviews-925703017
Steelbirdhelmet.com,https://www.mouthshut.com/product-reviews/Steelbirdhelmet-com-reviews-925840482
stayfitindia.com,https://www.mouthshut.com/product-reviews/stayfitindia-com-reviews-925702568
Stationerybazaar.com,https://www.mouthshut.com/product-reviews/Stationerybazaar-com-reviews-925659233
Starruby.in,https://www.mouthshut.com/product-reviews/Starruby-in-reviews-925666828
Starcj.com,https://www.mouthshut.com/product-reviews/Starcj-com-reviews-925642322
Stalkbuylove.com,https://www.mouthshut.com/product-reviews/Stalkbuylove-com-reviews-925668791
Stackkart.Com,https://www.mouthshut.com/product-reviews/Stackkart-Com-reviews-925660615
Sports365.in,https://www.mouthshut.com/product-reviews/Sports365-in-reviews-925668274
SplashFragrance.in,https://www.mouthshut.com/product-reviews/SplashFragrance-in-reviews-925801039
Spiritcrafts.com,https://www.mouthshut.com/product-reviews/Spiritcrafts-com-reviews-925048360
SpiceStyle.com,https://www.mouthshut.com/product-reviews/SpiceStyle-com-reviews-925903404
spectrahut.com,https://www.mouthshut.com/product-reviews/spectrahut-com-reviews-925702988
Specsmakers.in,https://www.mouthshut.com/product-reviews/Specsmakers-in-reviews-925892265
Sosasta.com,https://www.mouthshut.com/product-reviews/Sosasta-com-reviews-925615439
Soldsmile.com,https://www.mouthshut.com/product-reviews/Soldsmile-com-reviews-925702800
Soldinsixty.com,https://www.mouthshut.com/product-reviews/Soldinsixty-com-reviews-925640221
Softel.in,https://www.mouthshut.com/product-reviews/Softel-in-reviews-925667810
Soch.in,https://www.mouthshut.com/product-reviews/Soch-in-reviews-925921752
Snobbox.com,https://www.mouthshut.com/product-reviews/Snobbox-com-reviews-925840462
Snapittoday.com,https://www.mouthshut.com/product-reviews/Snapittoday-com-reviews-925660617
Snapdeal.com,https://www.mouthshut.com/product-reviews/Snapdeal-com-reviews-925602969
Snapbid.in,https://www.mouthshut.com/product-reviews/Snapbid-in-reviews-925660710
Smesauda.com,https://www.mouthshut.com/product-reviews/Smesauda-com-reviews-925840538
Smartprix.com,https://www.mouthshut.com/product-reviews/Smartprix-com-reviews-925703270
SmarterKids.com,https://www.mouthshut.com/product-reviews/SmarterKids-com-reviews-925022664
Smartclues.com,https://www.mouthshut.com/product-reviews/Smartclues-com-reviews-925666958
Smartas.in,https://www.mouthshut.com/product-reviews/Smartas-in-reviews-925666647
Skyshopdeals.com,https://www.mouthshut.com/product-reviews/Skyshopdeals-com-reviews-925928854
Skarnival.com,https://www.mouthshut.com/product-reviews/Skarnival-com-reviews-925107350
Site4shopping.com,https://www.mouthshut.com/product-reviews/Site4shopping-com-reviews-925642498
Simplysizzl.in,https://www.mouthshut.com/product-reviews/Simplysizzl-in-reviews-925670471
Sifymall.com,https://www.mouthshut.com/product-reviews/Sifymall-com-reviews-925048570
Shopyourworld.com,https://www.mouthshut.com/product-reviews/Shopyourworld-com-reviews-925641486
Shopulsify.com,https://www.mouthshut.com/product-reviews/Shopulsify-com-reviews-925668518
Shopstroll.com,https://www.mouthshut.com/product-reviews/Shopstroll-com-reviews-925677248
Shoppingkart24.com,https://www.mouthshut.com/product-reviews/Shoppingkart24-com-reviews-925860865
Shoppingdil.com,https://www.mouthshut.com/product-reviews/Shoppingdil-com-reviews-925838962
Shopping.Rediff.com,https://www.mouthshut.com/product-reviews/Shopping-Rediff-com-reviews-925047546
Shopping.indiatimes.com,https://www.mouthshut.com/product-reviews/Shopping-indiatimes-com-reviews-925076355
Shoppersstop.com,https://www.mouthshut.com/product-reviews/Shoppersstop-com-reviews-925640234
Shopoffice.in,https://www.mouthshut.com/product-reviews/Shopoffice-in-reviews-925669183
Shopo.in,https://www.mouthshut.com/product-reviews/Shopo-in-reviews-925664808
Shopnineteen.com,https://www.mouthshut.com/product-reviews/Shopnineteen-com-reviews-925677302
Shopnaari.com,https://www.mouthshut.com/product-reviews/Shopnaari-com-reviews-925861168
Shopkio.com,https://www.mouthshut.com/product-reviews/Shopkio-com-reviews-925923059
Shopit4me.com,https://www.mouthshut.com/product-reviews/Shopit4me-com-reviews-925668178
Shopify.in,https://www.mouthshut.com/product-reviews/Shopify-in-reviews-925771199
Shophunk.com,https://www.mouthshut.com/product-reviews/Shophunk-com-reviews-925669287
Shophahaha.com,https://www.mouthshut.com/product-reviews/Shophahaha-com-reviews-925669026
shopglasses.co.in,https://www.mouthshut.com/product-reviews/shopglasses-co-in-reviews-925702751
Shoper.in,https://www.mouthshut.com/product-reviews/Shoper-in-reviews-925895187
Shopeholic.in,https://www.mouthshut.com/product-reviews/Shopeholic-in-reviews-925907075
Shopclues.com,https://www.mouthshut.com/product-reviews/Shopclues-com-reviews-925643754
Shopcj.com,https://www.mouthshut.com/product-reviews/Shopcj-com-reviews-925753937
Shopcherries.com,https://www.mouthshut.com/product-reviews/Shopcherries-com-reviews-925703101
Shopcart18.com,https://www.mouthshut.com/product-reviews/Shopcart18-com-reviews-925703397
Shopatgoodprice.com,https://www.mouthshut.com/product-reviews/Shopatgoodprice-com-reviews-925733139
Shopatdisney.in,https://www.mouthshut.com/product-reviews/Shopatdisney-in-reviews-925663724
Shopalike.in,https://www.mouthshut.com/product-reviews/Shopalike-in-reviews-925775626
Shop2India.com,https://www.mouthshut.com/product-reviews/Shop2India-com-reviews-925040841
Shop2Grab.com,https://www.mouthshut.com/product-reviews/Shop2Grab-com-reviews-925740449
Shop.Usps.com,https://www.mouthshut.com/product-reviews/Shop-Usps-com-reviews-925042492
Shop.in.com,https://www.mouthshut.com/product-reviews/Shop-in-com-reviews-925103998
Shop.anitadongre.com,https://www.mouthshut.com/product-reviews/Shop-anitadongre-com-reviews-925670453
Shimply.com,https://www.mouthshut.com/product-reviews/Shimply-com-reviews-925841747
Shersingh.com,https://www.mouthshut.com/product-reviews/Shersingh-com-reviews-925660658
Shein.in,https://www.mouthshut.com/product-reviews/Shein-in-reviews-925917533
Shastore.com,https://www.mouthshut.com/product-reviews/Shastore-com-reviews-925617142
Sears.com,https://www.mouthshut.com/product-reviews/Sears-com-reviews-925048363
Savemoneyindia.com,https://www.mouthshut.com/product-reviews/Savemoneyindia-com-reviews-925713102
Satvikshop.com,https://www.mouthshut.com/product-reviews/Satvikshop-com-reviews-925666987
Sastawala.com,https://www.mouthshut.com/product-reviews/Sastawala-com-reviews-925667404
SastaSundar.com,https://www.mouthshut.com/product-reviews/SastaSundar-com-reviews-925791095
Sarthakdeals.com,https://www.mouthshut.com/product-reviews/Sarthakdeals-com-reviews-925703012
Sareez.com,https://www.mouthshut.com/product-reviews/Sareez-com-reviews-925631851
Sareesbazaar.com,https://www.mouthshut.com/product-reviews/Sareesbazaar-com-reviews-925643934
Sapnaonline.com,https://www.mouthshut.com/product-reviews/Sapnaonline-com-reviews-925738033
Sanginionline.com,https://www.mouthshut.com/product-reviews/Sanginionline-com-reviews-925617237
Saneswap.com,https://www.mouthshut.com/product-reviews/Saneswap-com-reviews-925918417
sammydress.com,https://www.mouthshut.com/product-reviews/sammydress-com-reviews-925702755
Samaan.com,https://www.mouthshut.com/product-reviews/Samaan-com-reviews-925640232
Saltnsoap.com,https://www.mouthshut.com/product-reviews/Saltnsoap-com-reviews-925668773
Saltnpepper.com,https://www.mouthshut.com/product-reviews/Saltnpepper-com-reviews-925662910
Sakhifashions.com,https://www.mouthshut.com/product-reviews/Sakhifashions-com-reviews-925615488
Saholic.com,https://www.mouthshut.com/product-reviews/Saholic-com-reviews-925631944
Sahivalue.com,https://www.mouthshut.com/product-reviews/Sahivalue-com-reviews-925920562
Sadhrta.com,https://www.mouthshut.com/product-reviews/Sadhrta-com-reviews-925073208
RunBus.in,https://www.mouthshut.com/product-reviews/RunBus-in-reviews-925733409
Royalimages.in,https://www.mouthshut.com/product-reviews/Royalimages-in-reviews-925666725
Route2fashion.com,https://www.mouthshut.com/product-reviews/Route2fashion-com-reviews-925669593
Rourkelaflowers.com,https://www.mouthshut.com/product-reviews/Rourkelaflowers-com-reviews-925602766
Roposo.com,https://www.mouthshut.com/product-reviews/Roposo-com-reviews-925803392
Roopit.com,https://www.mouthshut.com/product-reviews/Roopit-com-reviews-925602619
RoomStory.com,https://www.mouthshut.com/product-reviews/RoomStory-com-reviews-925860221
Rock.in,https://www.mouthshut.com/product-reviews/Rock-in-reviews-925667816
Robu.in,https://www.mouthshut.com/product-reviews/Robu-in-reviews-925860172
Rimyrah.com,https://www.mouthshut.com/product-reviews/Rimyrah-com-reviews-925839788
Rightshopping.in,https://www.mouthshut.com/product-reviews/Rightshopping-in-reviews-925641531
Rightflorist.in,https://www.mouthshut.com/product-reviews/Rightflorist-in-reviews-925617250
Returngiftwala.com,https://www.mouthshut.com/product-reviews/Returngiftwala-com-reviews-925670455
Retailmart.com,https://www.mouthshut.com/product-reviews/Retailmart-com-reviews-925633675
Replicawatchvilla.com,https://www.mouthshut.com/product-reviews/Replicawatchvilla-com-reviews-925840657
RenukaSilks.com,https://www.mouthshut.com/product-reviews/RenukaSilks-com-reviews-925062141
Reliancedigital.in,https://www.mouthshut.com/product-reviews/Reliancedigital-in-reviews-925733382
Rega-it.com,https://www.mouthshut.com/product-reviews/Rega-it-com-reviews-925840596
Redbag.in,https://www.mouthshut.com/product-reviews/Redbag-in-reviews-925615397
RecycleInMe.com,https://www.mouthshut.com/product-reviews/RecycleInMe-com-reviews-925075390
Realfamilybazaar.com,https://www.mouthshut.com/product-reviews/Realfamilybazaar-com-reviews-925666786
Ratnagirimango.com,https://www.mouthshut.com/product-reviews/Ratnagirimango-com-reviews-925839761
Rationmart.com,https://www.mouthshut.com/product-reviews/Rationmart-com-reviews-925660685
Rakhiz.com,https://www.mouthshut.com/product-reviews/Rakhiz-com-reviews-925857289
Rakhiworldwide.com,https://www.mouthshut.com/product-reviews/Rakhiworldwide-com-reviews-925640932
Rakhibazaar.com,https://www.mouthshut.com/product-reviews/Rakhibazaar-com-reviews-925861863
Qvc.com,https://www.mouthshut.com/product-reviews/Qvc-com-reviews-925043687
Qtrove.com,https://www.mouthshut.com/product-reviews/Qtrove-com-reviews-925854672
Pvcaadhaar.in,https://www.mouthshut.com/product-reviews/Pvcaadhaar-in-reviews-925868356
Purplle.com,https://www.mouthshut.com/product-reviews/Purplle-com-reviews-925663722
Purpledip.com,https://www.mouthshut.com/product-reviews/Purpledip-com-reviews-925847300
Purifyplus.in,https://www.mouthshut.com/product-reviews/Purifyplus-in-reviews-925923180
Puppies4sale.in,https://www.mouthshut.com/product-reviews/Puppies4sale-in-reviews-925702992
Puntercalls.com,https://www.mouthshut.com/product-reviews/Puntercalls-com-reviews-925614979
Puneonlineflorists.com,https://www.mouthshut.com/product-reviews/Puneonlineflorists-com-reviews-925664002
Pumpkart.com,https://www.mouthshut.com/product-reviews/Pumpkart-com-reviews-925738493
Pumpbazaar.com,https://www.mouthshut.com/product-reviews/Pumpbazaar-com-reviews-925840252
Puma.com,https://www.mouthshut.com/product-reviews/Puma-com-reviews-925862312
Pulidobozal.com,https://www.mouthshut.com/product-reviews/Pulidobozal-com-reviews-925839832
Psbazaar.com,https://www.mouthshut.com/product-reviews/Psbazaar-com-reviews-925668415
Prodigitalmall.com,https://www.mouthshut.com/product-reviews/Prodigitalmall-com-reviews-925103821
Proaudiohome.com,https://www.mouthshut.com/product-reviews/Proaudiohome-com-reviews-925664838
Printvenue.com,https://www.mouthshut.com/product-reviews/Printvenue-com-reviews-925666790
Printsasia.com,https://www.mouthshut.com/product-reviews/Printsasia-com-reviews-925628846
Printo.in,https://www.mouthshut.com/product-reviews/Printo-in-reviews-925667218
Printland.in,https://www.mouthshut.com/product-reviews/Printland-in-reviews-925703322
Printbucket.com,https://www.mouthshut.com/product-reviews/Printbucket-com-reviews-925703014
Printbooth.in,https://www.mouthshut.com/product-reviews/Printbooth-in-reviews-925663737
Printbindaas.com,https://www.mouthshut.com/product-reviews/Printbindaas-com-reviews-925641702
Pricehunt.com,https://www.mouthshut.com/product-reviews/Pricehunt-com-reviews-925669354
Pricedekho.com,https://www.mouthshut.com/product-reviews/Pricedekho-com-reviews-925844039
Prettysecrets.com,https://www.mouthshut.com/product-reviews/Prettysecrets-com-reviews-925668382
Pretmode.com,https://www.mouthshut.com/product-reviews/Pretmode-com-reviews-925840715
Postervilla.in,https://www.mouthshut.com/product-reviews/Postervilla-in-reviews-925660411
Postergully.com,https://www.mouthshut.com/product-reviews/Postergully-com-reviews-925668383
Posterduniya.com,https://www.mouthshut.com/product-reviews/Posterduniya-com-reviews-925670740
Playgroundonline.com,https://www.mouthshut.com/product-reviews/Playgroundonline-com-reviews-925591218
Planetsportsonline.com,https://www.mouthshut.com/product-reviews/Planetsportsonline-com-reviews-925671905
Planetm.co.in,https://www.mouthshut.com/product-reviews/Planetm-co-in-reviews-925037374
Planeteves.com,https://www.mouthshut.com/product-reviews/Planeteves-com-reviews-925738656
Placeoforigin.in,https://www.mouthshut.com/product-reviews/Placeoforigin-in-reviews-925906311
Pizzahut.com,https://www.mouthshut.com/product-reviews/Pizzahut-com-reviews-925042416
PipaBella.com,https://www.mouthshut.com/product-reviews/PipaBella-com-reviews-925839359
Picsquare.com,https://www.mouthshut.com/product-reviews/Picsquare-com-reviews-925069917
Photovatika.com,https://www.mouthshut.com/product-reviews/Photovatika-com-reviews-925668571
Photohaat.com,https://www.mouthshut.com/product-reviews/Photohaat-com-reviews-925747776
Phoolwala.com,https://www.mouthshut.com/product-reviews/Phoolwala-com-reviews-925659908
Phonebibi.com,https://www.mouthshut.com/product-reviews/Phonebibi-com-reviews-925868133
PetShop18.com,https://www.mouthshut.com/product-reviews/PetShop18-com-reviews-925748399
Petalfreshworld.com,https://www.mouthshut.com/product-reviews/Petalfreshworld-com-reviews-925668385
Perniapopupshop.com,https://www.mouthshut.com/product-reviews/Perniapopupshop-com-reviews-925738221
Permingo.com,https://www.mouthshut.com/product-reviews/Permingo-com-reviews-925696082
Perfumesdirect.co.in,https://www.mouthshut.com/product-reviews/Perfumesdirect-co-in-reviews-925667217
Perfumery.co.in,https://www.mouthshut.com/product-reviews/Perfumery-co-in-reviews-925906312
Perfumecrush.com,https://www.mouthshut.com/product-reviews/Perfumecrush-com-reviews-925667703
Perfumebooth.com,https://www.mouthshut.com/product-reviews/Perfumebooth-com-reviews-925906354
Perfume2order.com,https://www.mouthshut.com/product-reviews/Perfume2order-com-reviews-925633657
Peprismine.com,https://www.mouthshut.com/product-reviews/Peprismine-com-reviews-925642494
PepperTap.com,https://www.mouthshut.com/product-reviews/PepperTap-com-reviews-925758552
Pepperfry.com,https://www.mouthshut.com/product-reviews/Pepperfry-com-reviews-925642750
Peopleonline.co.in,https://www.mouthshut.com/product-reviews/Peopleonline-co-in-reviews-925879586
Peachmode.com,https://www.mouthshut.com/product-reviews/Peachmode-com-reviews-925738545
Paytmmall.com,https://www.mouthshut.com/product-reviews/Paytmmall-com-reviews-925917784
Paytm.com,https://www.mouthshut.com/product-reviews/Paytm-com-reviews-925631912
Patnaflorist.com,https://www.mouthshut.com/product-reviews/Patnaflorist-com-reviews-925662945
Partyone.in,https://www.mouthshut.com/product-reviews/Partyone-in-reviews-925738028
Parasgreen.com,https://www.mouthshut.com/product-reviews/Parasgreen-com-reviews-925703401
Pantaloons.com,https://www.mouthshut.com/product-reviews/Pantaloons-com-reviews-925617235
Panajoy.com,https://www.mouthshut.com/product-reviews/Panajoy-com-reviews-925872618
Packingsupply.in,https://www.mouthshut.com/product-reviews/Packingsupply-in-reviews-925867204
Oyhoy.com,https://www.mouthshut.com/product-reviews/Oyhoy-com-reviews-925659228
Oyeshop.com,https://www.mouthshut.com/product-reviews/Oyeshop-com-reviews-925865317
Oyegirl.com,https://www.mouthshut.com/product-reviews/Oyegirl-com-reviews-925627143
Oyebazaar.com,https://www.mouthshut.com/product-reviews/Oyebazaar-com-reviews-925642513
Oxolloxo.com,https://www.mouthshut.com/product-reviews/Oxolloxo-com-reviews-925738010
Oxigen Wallet,https://www.mouthshut.com/product-reviews/Oxigen-Wallet-reviews-925786185
Overstock.com,https://www.mouthshut.com/product-reviews/Overstock-com-reviews-925047717
Overcart.com,https://www.mouthshut.com/product-reviews/Overcart-com-reviews-925795871
OutdoorDecor.com,https://www.mouthshut.com/product-reviews/OutdoorDecor-com-reviews-925038985
Orosilber.com,https://www.mouthshut.com/product-reviews/Orosilber-com-reviews-925715493
Ornaz.com,https://www.mouthshut.com/product-reviews/Ornaz-com-reviews-925868064
organicgarden.co.in,https://www.mouthshut.com/product-reviews/organicgarden-co-in-reviews-925669586
Orderyourchoice.com,https://www.mouthshut.com/product-reviews/Orderyourchoice-com-reviews-925670213
Ordervenue.com,https://www.mouthshut.com/product-reviews/Ordervenue-com-reviews-925742964
Ordervegetableonline.com,https://www.mouthshut.com/product-reviews/Ordervegetableonline-com-reviews-925659235
Orchidsnroses.com,https://www.mouthshut.com/product-reviews/Orchidsnroses-com-reviews-925071323
Opticsplanet.com,https://www.mouthshut.com/product-reviews/Opticsplanet-com-reviews-925912985
Open2save.in,https://www.mouthshut.com/product-reviews/Open2save-in-reviews-925090698
Open2kart.com,https://www.mouthshut.com/product-reviews/Open2kart-com-reviews-925839834
Onlygowns.com,https://www.mouthshut.com/product-reviews/Onlygowns-com-reviews-925591720
Onlybrand.org,https://www.mouthshut.com/product-reviews/Onlybrand-org-reviews-925903348
Onlineshoes.com,https://www.mouthshut.com/product-reviews/Onlineshoes-com-reviews-925769505
Onlinesalwar.com,https://www.mouthshut.com/product-reviews/Onlinesalwar-com-reviews-925666650
Onlineclues.com,https://www.mouthshut.com/product-reviews/Onlineclues-com-reviews-925840567
Onerx.in,https://www.mouthshut.com/product-reviews/Onerx-in-reviews-925728689
Oneplusstore.in,https://www.mouthshut.com/product-reviews/Oneplusstore-in-reviews-925872476
Onelifetees.com,https://www.mouthshut.com/product-reviews/Onelifetees-com-reviews-925663866
OnebookStreet.com,https://www.mouthshut.com/product-reviews/OnebookStreet-com-reviews-925036812
Onebazaar.com,https://www.mouthshut.com/product-reviews/Onebazaar-com-reviews-925616448
Onceuponatrunk.com,https://www.mouthshut.com/product-reviews/Onceuponatrunk-com-reviews-925840251
Okloot.com,https://www.mouthshut.com/product-reviews/Okloot-com-reviews-925663515
Ofororange.com,https://www.mouthshut.com/product-reviews/Ofororange-com-reviews-925664712
OfficeDepot.com,https://www.mouthshut.com/product-reviews/OfficeDepot-com-reviews-925036774
Offerbean.com,https://www.mouthshut.com/product-reviews/Offerbean-com-reviews-925660204
Ofasio.com,https://www.mouthshut.com/product-reviews/Ofasio-com-reviews-925641793
Nykaa.com,https://www.mouthshut.com/product-reviews/Nykaa-com-reviews-925702993
Nvgals.com,https://www.mouthshut.com/product-reviews/Nvgals-com-reviews-925677300
Nothingbutcostumes.com,https://www.mouthshut.com/product-reviews/Nothingbutcostumes-com-reviews-925633656
ninecolours.com,https://www.mouthshut.com/product-reviews/ninecolours-com-reviews-925917143
NiceShop4u.com,https://www.mouthshut.com/product-reviews/NiceShop4u-com-reviews-925080335
Nicerdicerindia.com,https://www.mouthshut.com/product-reviews/Nicerdicerindia-com-reviews-925615396
Ngpay.com,https://www.mouthshut.com/product-reviews/Ngpay-com-reviews-925080339
Next.co.in,https://www.mouthshut.com/product-reviews/Next-co-in-reviews-925733394
Nexcon.in,https://www.mouthshut.com/product-reviews/Nexcon-in-reviews-925703943
Newegg.com,https://www.mouthshut.com/product-reviews/Newegg-com-reviews-925786161
Netflix.com,https://www.mouthshut.com/product-reviews/Netflix-com-reviews-925040364
Neevov.com,https://www.mouthshut.com/product-reviews/Neevov-com-reviews-925872846
Needybee.com,https://www.mouthshut.com/product-reviews/Needybee-com-reviews-925703136
Ncarry.com,https://www.mouthshut.com/product-reviews/Ncarry-com-reviews-925642197
Naytr.com,https://www.mouthshut.com/product-reviews/Naytr-com-reviews-925917674
Naturesbasket.co.in,https://www.mouthshut.com/product-reviews/Naturesbasket-co-in-reviews-925703177
NaturalMantra.com,https://www.mouthshut.com/product-reviews/NaturalMantra-com-reviews-925776822
Naaptol.com,https://www.mouthshut.com/product-reviews/Naaptol-com-reviews-925080356
Mywatchkart.com,https://www.mouthshut.com/product-reviews/Mywatchkart-com-reviews-925865181
MyVishal.com,https://www.mouthshut.com/product-reviews/MyVishal-com-reviews-925740499
Myvirtualplaza.com,https://www.mouthshut.com/product-reviews/Myvirtualplaza-com-reviews-925664929
Myselections.in,https://www.mouthshut.com/product-reviews/Myselections-in-reviews-925863826
Myscreenguard.com,https://www.mouthshut.com/product-reviews/Myscreenguard-com-reviews-925922879
Mynutramart.com,https://www.mouthshut.com/product-reviews/Mynutramart-com-reviews-925662267
Myntra.com,https://www.mouthshut.com/product-reviews/Myntra-com-reviews-925076140
Mynesthome.com,https://www.mouthshut.com/product-reviews/Mynesthome-com-reviews-925668116
Mygrahak.com,https://www.mouthshut.com/product-reviews/Mygrahak-com-reviews-925640864
Myfume.com,https://www.mouthshut.com/product-reviews/Myfume-com-reviews-925667931
Myflowertree.com,https://www.mouthshut.com/product-reviews/Myflowertree-com-reviews-925660229
Myflowergift.com,https://www.mouthshut.com/product-reviews/Myflowergift-com-reviews-925703441
Mydreamstore.in,https://www.mouthshut.com/product-reviews/Mydreamstore-in-reviews-925840585
Mydesignersales.com,https://www.mouthshut.com/product-reviews/Mydesignersales-com-reviews-925671930
Mydentistchoice.com,https://www.mouthshut.com/product-reviews/Mydentistchoice-com-reviews-925838982
mydeals247.com,https://www.mouthshut.com/product-reviews/mydeals247-com-reviews-925702884
Mydarbuka.com,https://www.mouthshut.com/product-reviews/Mydarbuka-com-reviews-925104297
Mydala.com,https://www.mouthshut.com/product-reviews/Mydala-com-reviews-925615446
Mybabycart.com,https://www.mouthshut.com/product-reviews/Mybabycart-com-reviews-925643940
Mumbaionlineflorist.com,https://www.mouthshut.com/product-reviews/Mumbaionlineflorist-com-reviews-925076389
Mrvoonik.com,https://www.mouthshut.com/product-reviews/Mrvoonik-com-reviews-925868018
mrthomas.in,https://www.mouthshut.com/product-reviews/mrthomas-in-reviews-925702654
Mrbutton.in,https://www.mouthshut.com/product-reviews/Mrbutton-in-reviews-925839861
mothertouchbaby.com,https://www.mouthshut.com/product-reviews/mothertouchbaby-com-reviews-925667163
Motadeals.com,https://www.mouthshut.com/product-reviews/Motadeals-com-reviews-925640901
MosKart.com,https://www.mouthshut.com/product-reviews/MosKart-com-reviews-925740306
Montecarlocollections.com,https://www.mouthshut.com/product-reviews/Montecarlocollections-com-reviews-925723478
MonsterUncle.com,https://www.mouthshut.com/product-reviews/MonsterUncle-com-reviews-925805095
MonkBro,https://www.mouthshut.com/product-reviews/MonkBro-reviews-925740970
Monginis.net,https://www.mouthshut.com/product-reviews/Monginis-net-reviews-925663955
Momandmeshop.in,https://www.mouthshut.com/product-reviews/Momandmeshop-in-reviews-925670449
Mojarto.com,https://www.mouthshut.com/product-reviews/Mojarto-com-reviews-925861866
Moglix.com,https://www.mouthshut.com/product-reviews/Moglix-com-reviews-925840483
modelshop.in,https://www.mouthshut.com/product-reviews/modelshop-in-reviews-925702995
Mobstyle.in,https://www.mouthshut.com/product-reviews/Mobstyle-in-reviews-925668860
Mobilefun.com,https://www.mouthshut.com/product-reviews/Mobilefun-com-reviews-925667041
Mirraw.com,https://www.mouthshut.com/product-reviews/Mirraw-com-reviews-925737819
Mirchimart.com,https://www.mouthshut.com/product-reviews/Mirchimart-com-reviews-925667076
Middaysale.com,https://www.mouthshut.com/product-reviews/Middaysale-com-reviews-925664673
Mi.com,https://www.mouthshut.com/product-reviews/Mi-com-reviews-925840064
Mginger.com,https://www.mouthshut.com/product-reviews/Mginger-com-reviews-925073177
Metropolitandecor.com,https://www.mouthshut.com/product-reviews/Metropolitandecor-com-reviews-925111685
Merchantwala.com,https://www.mouthshut.com/product-reviews/Merchantwala-com-reviews-925703274
MeraGrocer.com,https://www.mouthshut.com/product-reviews/MeraGrocer-com-reviews-925742965
Merabubbly.com,https://www.mouthshut.com/product-reviews/Merabubbly-com-reviews-925670235
Menzkart.com,https://www.mouthshut.com/product-reviews/Menzkart-com-reviews-925643846
Meenabazaar.com,https://www.mouthshut.com/product-reviews/Meenabazaar-com-reviews-925872843
Meemee.in,https://www.mouthshut.com/product-reviews/Meemee-in-reviews-925659914
Medplusbeauty.com,https://www.mouthshut.com/product-reviews/Medplusbeauty-com-reviews-925660094
Mebelkart.com,https://www.mouthshut.com/product-reviews/Mebelkart-com-reviews-925732972
Meandmygifts.com,https://www.mouthshut.com/product-reviews/Meandmygifts-com-reviews-925738038
Maxwellscottbags.com,https://www.mouthshut.com/product-reviews/Maxwellscottbags-com-reviews-925640896
Matwali.com,https://www.mouthshut.com/product-reviews/Matwali-com-reviews-925668910
Matchesfashion.com,https://www.mouthshut.com/product-reviews/Matchesfashion-com-reviews-925923067
Masticart.com,https://www.mouthshut.com/product-reviews/Masticart-com-reviews-925662434
Mastibazaar.com,https://www.mouthshut.com/product-reviews/Mastibazaar-com-reviews-925668431
Maniacstore.com,https://www.mouthshut.com/product-reviews/Maniacstore-com-reviews-925667219
Mangoshoppers.com,https://www.mouthshut.com/product-reviews/Mangoshoppers-com-reviews-925667621
Mango.com,https://www.mouthshut.com/product-reviews/Mango-com-reviews-925660683
Mallofstyle.com,https://www.mouthshut.com/product-reviews/Mallofstyle-com-reviews-925666654
Makeupshades.com,https://www.mouthshut.com/product-reviews/Makeupshades-com-reviews-925660209
Makemygiftz.com,https://www.mouthshut.com/product-reviews/Makemygiftz-com-reviews-925663423
Majorbrands.in,https://www.mouthshut.com/product-reviews/Majorbrands-in-reviews-925861589
Mahagangagold.com,https://www.mouthshut.com/product-reviews/Mahagangagold-com-reviews-925667864
Magnuskart.com,https://www.mouthshut.com/product-reviews/Magnuskart-com-reviews-925738623
Magestore.com,https://www.mouthshut.com/product-reviews/Magestore-com-reviews-925640242
Magazinenook.com,https://www.mouthshut.com/product-reviews/Magazinenook-com-reviews-925602805
Maebag.com,https://www.mouthshut.com/product-reviews/Maebag-com-reviews-925668609
Madhuloka.com,https://www.mouthshut.com/product-reviews/Madhuloka-com-reviews-925747484
Lushtrip.com,https://www.mouthshut.com/product-reviews/Lushtrip-com-reviews-925643864
Lurap.com,https://www.mouthshut.com/product-reviews/Lurap-com-reviews-925840690
Luminouseshop.com,https://www.mouthshut.com/product-reviews/Luminouseshop-com-reviews-925921400
Luluandsky.com,https://www.mouthshut.com/product-reviews/Luluandsky-com-reviews-925886450
Lootbargain.com,https://www.mouthshut.com/product-reviews/Lootbargain-com-reviews-925660573
LookForGreen.com,https://www.mouthshut.com/product-reviews/LookForGreen-com-reviews-925033924
Localbanya.com,https://www.mouthshut.com/product-reviews/Localbanya-com-reviews-925662426
Liveinsports.com,https://www.mouthshut.com/product-reviews/Liveinsports-com-reviews-925670532
Littlehomes.in,https://www.mouthshut.com/product-reviews/Littlehomes-in-reviews-925663026
Limeroad.com,https://www.mouthshut.com/product-reviews/Limeroad-com-reviews-925713540
Lightinthebox.com,https://www.mouthshut.com/product-reviews/Lightinthebox-com-reviews-925918432
Liebemode.com,https://www.mouthshut.com/product-reviews/Liebemode-com-reviews-925669109
lgezbuy.com,https://www.mouthshut.com/product-reviews/lgezbuy-com-reviews-925071534
Letsshop.in,https://www.mouthshut.com/product-reviews/Letsshop-in-reviews-925617245
Letsbuymobile.com,https://www.mouthshut.com/product-reviews/Letsbuymobile-com-reviews-925702780
letsbuydrink.com,https://www.mouthshut.com/product-reviews/letsbuydrink-com-reviews-925702649
Letsbuy.com,https://www.mouthshut.com/product-reviews/Letsbuy-com-reviews-925603498
Letsbid.in,https://www.mouthshut.com/product-reviews/Letsbid-in-reviews-925667138
Lenstry.com,https://www.mouthshut.com/product-reviews/Lenstry-com-reviews-925872285
Lenstrade.com,https://www.mouthshut.com/product-reviews/Lenstrade-com-reviews-925664778
Lensstreet.com,https://www.mouthshut.com/product-reviews/Lensstreet-com-reviews-925641584
Lenskart.com,https://www.mouthshut.com/product-reviews/Lenskart-com-reviews-925642336
Lensclues.com,https://www.mouthshut.com/product-reviews/Lensclues-com-reviews-925829119
Leathericon.com,https://www.mouthshut.com/product-reviews/Leathericon-com-reviews-925631868
LatestOne.com,https://www.mouthshut.com/product-reviews/LatestOne-com-reviews-925725975
LandmarkShops.in,https://www.mouthshut.com/product-reviews/LandmarkShops-in-reviews-925805223
Lalajionline.com,https://www.mouthshut.com/product-reviews/Lalajionline-com-reviews-925669264
ladyblush.com,https://www.mouthshut.com/product-reviews/ladyblush-com-reviews-925667099
kyazoonga.com,https://www.mouthshut.com/product-reviews/kyazoonga-com-reviews-925107182
Kretazee.com,https://www.mouthshut.com/product-reviews/Kretazee-com-reviews-925667673
Kraftndecor.com,https://www.mouthshut.com/product-reviews/Kraftndecor-com-reviews-925664691
Kraftly.com,https://www.mouthshut.com/product-reviews/Kraftly-com-reviews-925839311
Kraftinn.com,https://www.mouthshut.com/product-reviews/Kraftinn-com-reviews-925660773
Koovs.com,https://www.mouthshut.com/product-reviews/Koovs-com-reviews-925617145
Koolskool.com,https://www.mouthshut.com/product-reviews/Koolskool-com-reviews-925631899
Kobster.com,https://www.mouthshut.com/product-reviews/Kobster-com-reviews-925667145
Knocz.com,https://www.mouthshut.com/product-reviews/Knocz-com-reviews-925670174
Kitsnspares.com,https://www.mouthshut.com/product-reviews/Kitsnspares-com-reviews-925677246
Kitchenempire.in,https://www.mouthshut.com/product-reviews/Kitchenempire-in-reviews-925904311
kitchen18.com,https://www.mouthshut.com/product-reviews/kitchen18-com-reviews-925668448
Kinige.com,https://www.mouthshut.com/product-reviews/Kinige-com-reviews-925668472
Kingsprivilege.com,https://www.mouthshut.com/product-reviews/Kingsprivilege-com-reviews-925668632
Kindercart.com,https://www.mouthshut.com/product-reviews/Kindercart-com-reviews-925738616
Kifayati.com,https://www.mouthshut.com/product-reviews/Kifayati-com-reviews-925641579
Kidzoba.com,https://www.mouthshut.com/product-reviews/Kidzoba-com-reviews-925664238
Kidzblush.com,https://www.mouthshut.com/product-reviews/Kidzblush-com-reviews-925670742
Kidloo.com,https://www.mouthshut.com/product-reviews/Kidloo-com-reviews-925640608
Kickstarter.com,https://www.mouthshut.com/product-reviews/Kickstarter-com-reviews-925831539
Khaugalideals.com,https://www.mouthshut.com/product-reviews/Khaugalideals-com-reviews-925663308
KeepSakeMagic.net,https://www.mouthshut.com/product-reviews/KeepSakeMagic-net-reviews-925044800
Kaunsa.com,https://www.mouthshut.com/product-reviews/Kaunsa-com-reviews-925666729
Kartbag.com,https://www.mouthshut.com/product-reviews/Kartbag-com-reviews-925917295
Kanjivaramsilks.com,https://www.mouthshut.com/product-reviews/Kanjivaramsilks-com-reviews-925828197
Kanicomart.com,https://www.mouthshut.com/product-reviews/Kanicomart-com-reviews-925928344
Kamaayurveda.com,https://www.mouthshut.com/product-reviews/Kamaayurveda-com-reviews-925703251
Kalazone.in,https://www.mouthshut.com/product-reviews/Kalazone-in-reviews-925670093
Justcakespune.com,https://www.mouthshut.com/product-reviews/Justcakespune-com-reviews-925671898
Junglee.com,https://www.mouthshut.com/product-reviews/Junglee-com-reviews-925667373
Joharishop.com,https://www.mouthshut.com/product-reviews/Joharishop-com-reviews-925892388
Johareez.com,https://www.mouthshut.com/product-reviews/Johareez-com-reviews-925740191
Jockeyindia.com,https://www.mouthshut.com/product-reviews/Jockeyindia-com-reviews-925890722
Jewelsouk.com,https://www.mouthshut.com/product-reviews/Jewelsouk-com-reviews-925738532
Jaxtakart.com,https://www.mouthshut.com/product-reviews/Jaxtakart-com-reviews-925872809
Jaipanonline.com,https://www.mouthshut.com/product-reviews/Jaipanonline-com-reviews-925692947
Jacknjewel.com,https://www.mouthshut.com/product-reviews/Jacknjewel-com-reviews-925712690
Jackjones.in,https://www.mouthshut.com/product-reviews/Jackjones-in-reviews-925877229
Jabong.com,https://www.mouthshut.com/product-reviews/Jabong-com-reviews-925660222
iwasugly.com,https://www.mouthshut.com/product-reviews/iwasugly-com-reviews-925702620
Itokri.com,https://www.mouthshut.com/product-reviews/Itokri-com-reviews-925664730
Itasveer.com,https://www.mouthshut.com/product-reviews/Itasveer-com-reviews-925075043
Ishopinternational.com,https://www.mouthshut.com/product-reviews/Ishopinternational-com-reviews-925666796
Ishop2buy.com,https://www.mouthshut.com/product-reviews/Ishop2buy-com-reviews-925663920
Ishop.goo2o.com,https://www.mouthshut.com/product-reviews/Ishop-goo2o-com-reviews-925631061
Isayorganic.com,https://www.mouthshut.com/product-reviews/Isayorganic-com-reviews-925660345
iPoints.com,https://www.mouthshut.com/product-reviews/iPoints-com-reviews-925034052
Iphonestore.somee.com,https://www.mouthshut.com/product-reviews/Iphonestore-somee-com-reviews-925918569
iOffer.com,https://www.mouthshut.com/product-reviews/iOffer-com-reviews-925039167
InterTeddy.com,https://www.mouthshut.com/product-reviews/InterTeddy-com-reviews-925028335
Interflora.in,https://www.mouthshut.com/product-reviews/Interflora-in-reviews-925918923
Insaraf.com,https://www.mouthshut.com/product-reviews/Insaraf-com-reviews-925927418
Inonit.in,https://www.mouthshut.com/product-reviews/Inonit-in-reviews-925662662
InkToday.com,https://www.mouthshut.com/product-reviews/InkToday-com-reviews-925039567
Inkmonk.com,https://www.mouthshut.com/product-reviews/Inkmonk-com-reviews-925888539
Inkfruit.com,https://www.mouthshut.com/product-reviews/Inkfruit-com-reviews-925593077
Infibeam.com,https://www.mouthshut.com/product-reviews/Infibeam-com-reviews-925103709
IndustryKart.com,https://www.mouthshut.com/product-reviews/IndustryKart-com-reviews-925796849
Industrybuying.com,https://www.mouthshut.com/product-reviews/Industrybuying-com-reviews-925792749
Indusdiva.com,https://www.mouthshut.com/product-reviews/Indusdiva-com-reviews-925663785
Induscraft.com,https://www.mouthshut.com/product-reviews/Induscraft-com-reviews-925747730
Indiavarta.com,https://www.mouthshut.com/product-reviews/Indiavarta-com-reviews-925617234
IndiaTodayBookClub.com,https://www.mouthshut.com/product-reviews/IndiaTodayBookClub-com-reviews-925043367
Indiasupplement.com,https://www.mouthshut.com/product-reviews/Indiasupplement-com-reviews-925643930
Indiashoppingsites.com,https://www.mouthshut.com/product-reviews/Indiashoppingsites-com-reviews-925929279
IndiaShop.com,https://www.mouthshut.com/product-reviews/IndiaShop-com-reviews-925000500
IndiasBigShop.com,https://www.mouthshut.com/product-reviews/IndiasBigShop-com-reviews-925703255
Indiarush.com,https://www.mouthshut.com/product-reviews/Indiarush-com-reviews-925641690
IndiaPlaza.com,https://www.mouthshut.com/product-reviews/IndiaPlaza-com-reviews-925047490
Indiapetshop.com,https://www.mouthshut.com/product-reviews/Indiapetshop-com-reviews-925702782
Indianroots.in,https://www.mouthshut.com/product-reviews/Indianroots-in-reviews-925094745
Indiangiftguru.com,https://www.mouthshut.com/product-reviews/Indiangiftguru-com-reviews-925667814
Indianfreshflowers.com,https://www.mouthshut.com/product-reviews/Indianfreshflowers-com-reviews-925703372
Indianbestsellers.com,https://www.mouthshut.com/product-reviews/Indianbestsellers-com-reviews-925660594
IndiaMart.com,https://www.mouthshut.com/product-reviews/IndiaMart-com-reviews-925000541
Indiamags.com,https://www.mouthshut.com/product-reviews/Indiamags-com-reviews-925702874
IndiaKirana.com,https://www.mouthshut.com/product-reviews/IndiaKirana-com-reviews-925660505
Indiafreestuff.in,https://www.mouthshut.com/product-reviews/Indiafreestuff-in-reviews-925747493
Indiaflowermall.com,https://www.mouthshut.com/product-reviews/Indiaflowermall-com-reviews-925667377
Indiaflowergiftshop.com,https://www.mouthshut.com/product-reviews/Indiaflowergiftshop-com-reviews-925663411
Indiafloristonline.com,https://www.mouthshut.com/product-reviews/Indiafloristonline-com-reviews-925631950
Indiafloristnetwork.com,https://www.mouthshut.com/product-reviews/Indiafloristnetwork-com-reviews-925076114
Indiaemporium.com,https://www.mouthshut.com/product-reviews/Indiaemporium-com-reviews-925666649
indiacircus.com,https://www.mouthshut.com/product-reviews/indiacircus-com-reviews-925702678
Indiacardsgallery.com,https://www.mouthshut.com/product-reviews/Indiacardsgallery-com-reviews-925103145
Indiacakes.com,https://www.mouthshut.com/product-reviews/Indiacakes-com-reviews-925631951
in.88db.com,https://www.mouthshut.com/product-reviews/in-88db-com-reviews-925106620
iHerb.com,https://www.mouthshut.com/product-reviews/iHerb-com-reviews-925881790
Id-gourmet.com,https://www.mouthshut.com/product-reviews/Id-gourmet-com-reviews-925922470
Icchipset.com,https://www.mouthshut.com/product-reviews/Icchipset-com-reviews-925738037
Ibuychemikals.com,https://www.mouthshut.com/product-reviews/Ibuychemikals-com-reviews-925872286
Ibhejo.com,https://www.mouthshut.com/product-reviews/Ibhejo-com-reviews-925670127
Hyderabadonlineflorists.com,https://www.mouthshut.com/product-reviews/Hyderabadonlineflorists-com-reviews-925641013
Hushbabies.com,https://www.mouthshut.com/product-reviews/Hushbabies-com-reviews-925642756
HungerSite.com,https://www.mouthshut.com/product-reviews/HungerSite-com-reviews-925035643
Housefull.com,https://www.mouthshut.com/product-reviews/Housefull-com-reviews-925614894
Hopscotch.in,https://www.mouthshut.com/product-reviews/Hopscotch-in-reviews-925667421
Hoopos.com,https://www.mouthshut.com/product-reviews/Hoopos-com-reviews-925660108
Hometown.in,https://www.mouthshut.com/product-reviews/Hometown-in-reviews-925663161
Homeshopplus.com,https://www.mouthshut.com/product-reviews/Homeshopplus-com-reviews-925642416
Homeshop18.com,https://www.mouthshut.com/product-reviews/Homeshop18-com-reviews-925071308
Homeshikari.com,https://www.mouthshut.com/product-reviews/Homeshikari-com-reviews-925668774
Homeneed.com,https://www.mouthshut.com/product-reviews/Homeneed-com-reviews-925740588
Homekart.com,https://www.mouthshut.com/product-reviews/Homekart-com-reviews-925757832
HomeDepot.com,https://www.mouthshut.com/product-reviews/HomeDepot-com-reviews-925035925
Highstreetlabels.in,https://www.mouthshut.com/product-reviews/Highstreetlabels-in-reviews-925692942
High5store.com,https://www.mouthshut.com/product-reviews/High5store-com-reviews-925664803
hifives.in,https://www.mouthshut.com/product-reviews/hifives-in-reviews-925660483
Hifimart.com,https://www.mouthshut.com/product-reviews/Hifimart-com-reviews-925663163
Hidesign.com,https://www.mouthshut.com/product-reviews/Hidesign-com-reviews-925855223
Heavenandhome.com,https://www.mouthshut.com/product-reviews/Heavenandhome-com-reviews-925660352
HealthSuperstore.com,https://www.mouthshut.com/product-reviews/HealthSuperstore-com-reviews-925616446
Healthkart.com,https://www.mouthshut.com/product-reviews/Healthkart-com-reviews-925641492
Healthgenie.in,https://www.mouthshut.com/product-reviews/Healthgenie-in-reviews-925669370
Healthadda.com,https://www.mouthshut.com/product-reviews/Healthadda-com-reviews-925663758
HappilyUnmarried.com,https://www.mouthshut.com/product-reviews/HappilyUnmarried-com-reviews-925739637
Handsofluxury.com,https://www.mouthshut.com/product-reviews/Handsofluxury-com-reviews-925702875
Half.com,https://www.mouthshut.com/product-reviews/Half-com-reviews-925022665
Haldiramsonline.com,https://www.mouthshut.com/product-reviews/Haldiramsonline-com-reviews-925704903
Gurgaongifts.com,https://www.mouthshut.com/product-reviews/Gurgaongifts-com-reviews-925703321
Groupon.co.in,https://www.mouthshut.com/product-reviews/Groupon-co-in-reviews-925642273
Grofers.com,https://www.mouthshut.com/product-reviews/Grofers-com-reviews-925738270
Grocerywaale.com,https://www.mouthshut.com/product-reviews/Grocerywaale-com-reviews-925670110
Groceryatclick.com,https://www.mouthshut.com/product-reviews/Groceryatclick-com-reviews-925668423
Grocermax.com,https://www.mouthshut.com/product-reviews/Grocermax-com-reviews-925838967
Grocbay.com,https://www.mouthshut.com/product-reviews/Grocbay-com-reviews-925643855
Greetstore.com,https://www.mouthshut.com/product-reviews/Greetstore-com-reviews-925923538
Greenhandle.in,https://www.mouthshut.com/product-reviews/Greenhandle-in-reviews-925895883
Greendust.com,https://www.mouthshut.com/product-reviews/Greendust-com-reviews-925641012
Greencart.in,https://www.mouthshut.com/product-reviews/Greencart-in-reviews-925739614
Granth.com,https://www.mouthshut.com/product-reviews/Granth-com-reviews-925040514
Grabmore.in,https://www.mouthshut.com/product-reviews/Grabmore-in-reviews-925664672
Grablon.com,https://www.mouthshut.com/product-reviews/Grablon-com-reviews-925871848
Grabdeal.com,https://www.mouthshut.com/product-reviews/Grabdeal-com-reviews-925631930
Gozefo.com,https://www.mouthshut.com/product-reviews/Gozefo-com-reviews-925922857
Govasool.com,https://www.mouthshut.com/product-reviews/Govasool-com-reviews-925641861
Gotmatter.com,https://www.mouthshut.com/product-reviews/Gotmatter-com-reviews-925918411
GoPaisa.com,https://www.mouthshut.com/product-reviews/GoPaisa-com-reviews-925723482
Goonions.com,https://www.mouthshut.com/product-reviews/Goonions-com-reviews-925703394
Goodlife.com,https://www.mouthshut.com/product-reviews/Goodlife-com-reviews-925663286
Goodbells.com,https://www.mouthshut.com/product-reviews/Goodbells-com-reviews-925664265
Gogappa.com,https://www.mouthshut.com/product-reviews/Gogappa-com-reviews-925641574
gofynd.com,https://www.mouthshut.com/product-reviews/gofynd-com-reviews-925860219
Godaam.com,https://www.mouthshut.com/product-reviews/Godaam-com-reviews-925666997
Gobol.in,https://www.mouthshut.com/product-reviews/Gobol-in-reviews-925667722
Gobazaar.com,https://www.mouthshut.com/product-reviews/Gobazaar-com-reviews-925840733
Gkboptical.com,https://www.mouthshut.com/product-reviews/Gkboptical-com-reviews-925663739
Gizmobaba.com,https://www.mouthshut.com/product-reviews/Gizmobaba-com-reviews-925671889
Gizmo.bz,https://www.mouthshut.com/product-reviews/Gizmo-bz-reviews-925660645
Gizmeup.com,https://www.mouthshut.com/product-reviews/Gizmeup-com-reviews-925664763
Gitanjalishop.com,https://www.mouthshut.com/product-reviews/Gitanjalishop-com-reviews-925670772
Gingercrush.com,https://www.mouthshut.com/product-reviews/Gingercrush-com-reviews-925899269
Giftxoxo.com,https://www.mouthshut.com/product-reviews/Giftxoxo-com-reviews-925670491
Giftsuncommon.com,https://www.mouthshut.com/product-reviews/Giftsuncommon-com-reviews-925918498
GiftstoKolkata24x7.com,https://www.mouthshut.com/product-reviews/GiftstoKolkata24x7-com-reviews-925668136
Giftstoindiaplaza.com,https://www.mouthshut.com/product-reviews/Giftstoindiaplaza-com-reviews-925670228
Giftstoindia24x7.com,https://www.mouthshut.com/product-reviews/Giftstoindia24x7-com-reviews-925602784
Giftstoindia.com,https://www.mouthshut.com/product-reviews/Giftstoindia-com-reviews-925591455
Giftstantra.com,https://www.mouthshut.com/product-reviews/Giftstantra-com-reviews-925666719
Giftsmill.com,https://www.mouthshut.com/product-reviews/Giftsmill-com-reviews-925640630
Giftease.com,https://www.mouthshut.com/product-reviews/Giftease-com-reviews-925840944
Giftcardsindia.in,https://www.mouthshut.com/product-reviews/Giftcardsindia-in-reviews-925738060
Giftbig.com,https://www.mouthshut.com/product-reviews/Giftbig-com-reviews-925660650
Giftaperfume.com,https://www.mouthshut.com/product-reviews/Giftaperfume-com-reviews-925671977
Gift2chennai.com,https://www.mouthshut.com/product-reviews/Gift2chennai-com-reviews-925668075
Giffiks.com,https://www.mouthshut.com/product-reviews/Giffiks-com-reviews-925671950
Ghadiwala.com,https://www.mouthshut.com/product-reviews/Ghadiwala-com-reviews-925660151
GetSetLo.com,https://www.mouthshut.com/product-reviews/GetSetLo-com-reviews-925807237
Getpebbleinindia.com,https://www.mouthshut.com/product-reviews/Getpebbleinindia-com-reviews-925715763
Getmyration.com,https://www.mouthshut.com/product-reviews/Getmyration-com-reviews-925669042
Getmymeal.in,https://www.mouthshut.com/product-reviews/Getmymeal-in-reviews-925641475
Getinstacash.in,https://www.mouthshut.com/product-reviews/Getinstacash-in-reviews-925920563
Getexchangedeal.com,https://www.mouthshut.com/product-reviews/Getexchangedeal-com-reviews-925643836
Getdirect.in,https://www.mouthshut.com/product-reviews/Getdirect-in-reviews-925881233
Geraldonline.in,https://www.mouthshut.com/product-reviews/Geraldonline-in-reviews-925669232
Geniemart.in,https://www.mouthshut.com/product-reviews/Geniemart-in-reviews-925641863
Gemsratna.com,https://www.mouthshut.com/product-reviews/Gemsratna-com-reviews-925872623
Gempundit.com,https://www.mouthshut.com/product-reviews/Gempundit-com-reviews-925670521
Gemmaindia.com,https://www.mouthshut.com/product-reviews/Gemmaindia-com-reviews-925916430
Geekgoodies.in,https://www.mouthshut.com/product-reviews/Geekgoodies-in-reviews-925663032
Gearbest.com,https://www.mouthshut.com/product-reviews/Gearbest-com-reviews-925891484
Gaticonnect.com,https://www.mouthshut.com/product-reviews/Gaticonnect-com-reviews-925906319
Gap.com,https://www.mouthshut.com/product-reviews/Gap-com-reviews-925039863
gamlaa.com,https://www.mouthshut.com/product-reviews/gamlaa-com-reviews-925702911
Gamesgarage.in,https://www.mouthshut.com/product-reviews/Gamesgarage-in-reviews-925666964
gadgetworld.in,https://www.mouthshut.com/product-reviews/gadgetworld-in-reviews-925703312
Gadgetsguru.com,https://www.mouthshut.com/product-reviews/Gadgetsguru-com-reviews-925663996
Futurebazaar.com,https://www.mouthshut.com/product-reviews/Futurebazaar-com-reviews-925069969
Furnspace.com,https://www.mouthshut.com/product-reviews/Furnspace-com-reviews-925895829
Furnituremartindia.com,https://www.mouthshut.com/product-reviews/Furnituremartindia-com-reviews-925671981
Frrutto.com,https://www.mouthshut.com/product-reviews/Frrutto-com-reviews-925669131
Freshtohome.com,https://www.mouthshut.com/product-reviews/Freshtohome-com-reviews-925860180
Freecultr.com,https://www.mouthshut.com/product-reviews/Freecultr-com-reviews-925642413
francoleone.com,https://www.mouthshut.com/product-reviews/francoleone-com-reviews-925703400
FragranceX.com,https://www.mouthshut.com/product-reviews/FragranceX-com-reviews-925754383
Foreverkidz.in,https://www.mouthshut.com/product-reviews/Foreverkidz-in-reviews-925891618
footprint360.com,https://www.mouthshut.com/product-reviews/footprint360-com-reviews-925844023
Foodonn.com,https://www.mouthshut.com/product-reviews/Foodonn-com-reviews-925841140
Foodkamood.com,https://www.mouthshut.com/product-reviews/Foodkamood-com-reviews-925598149
FomoKart.com,https://www.mouthshut.com/product-reviews/FomoKart-com-reviews-925805288
Fommy.co.in,https://www.mouthshut.com/product-reviews/Fommy-co-in-reviews-925615517
Fnp.com,https://www.mouthshut.com/product-reviews/Fnp-com-reviews-925922131
FNGstore.com,https://www.mouthshut.com/product-reviews/FNGstore-com-reviews-925669110
Flyrr.in,https://www.mouthshut.com/product-reviews/Flyrr-in-reviews-925614939
Flyrobe.com,https://www.mouthshut.com/product-reviews/Flyrobe-com-reviews-925841937
FlowerstoIndia24x7.com,https://www.mouthshut.com/product-reviews/FlowerstoIndia24x7-com-reviews-925667941
Flowersnfruits.com,https://www.mouthshut.com/product-reviews/Flowersnfruits-com-reviews-925837814
Flowersncakestoindia.com,https://www.mouthshut.com/product-reviews/Flowersncakestoindia-com-reviews-925669037
Flowersinstead.com,https://www.mouthshut.com/product-reviews/Flowersinstead-com-reviews-925103774
Flowersfloristsgifts.com,https://www.mouthshut.com/product-reviews/Flowersfloristsgifts-com-reviews-925660626
Flowerdeliveryindia.com,https://www.mouthshut.com/product-reviews/Flowerdeliveryindia-com-reviews-925640939
Floweraura.com,https://www.mouthshut.com/product-reviews/Floweraura-com-reviews-925733379
Floristhff.com,https://www.mouthshut.com/product-reviews/Floristhff-com-reviews-925696073
Florista.in,https://www.mouthshut.com/product-reviews/Florista-in-reviews-925644417
Florazone.com,https://www.mouthshut.com/product-reviews/Florazone-com-reviews-925927365
Floralgiftstoindia.com,https://www.mouthshut.com/product-reviews/Floralgiftstoindia-com-reviews-925670452
Floraindia.com,https://www.mouthshut.com/product-reviews/Floraindia-com-reviews-925071310
Flipkart.com,https://www.mouthshut.com/product-reviews/Flipkart-com-reviews-925076148
Flintstop.com,https://www.mouthshut.com/product-reviews/Flintstop-com-reviews-925862081
Flaberry.com,https://www.mouthshut.com/product-reviews/Flaberry-com-reviews-925738185
Fishnfresh.com,https://www.mouthshut.com/product-reviews/Fishnfresh-com-reviews-925703456
FisherPrice.com,https://www.mouthshut.com/product-reviews/FisherPrice-com-reviews-925733194
Firstcry.com,https://www.mouthshut.com/product-reviews/Firstcry-com-reviews-925615315
FirstandSecond.com,https://www.mouthshut.com/product-reviews/FirstandSecond-com-reviews-925011761
Finomena.com,https://www.mouthshut.com/product-reviews/Finomena-com-reviews-925860232
Fingoshop.com,https://www.mouthshut.com/product-reviews/Fingoshop-com-reviews-925918502
FingerHut.com,https://www.mouthshut.com/product-reviews/FingerHut-com-reviews-925036830
Fetise.com,https://www.mouthshut.com/product-reviews/Fetise-com-reviews-925641450
Ferns N Petals,https://www.mouthshut.com/product-reviews/Ferns-N-Petals-reviews-925048279
Femiza.com,https://www.mouthshut.com/product-reviews/Femiza-com-reviews-925860269
FeelinWow.com,https://www.mouthshut.com/product-reviews/FeelinWow-com-reviews-925753905
Favouriteflorist.com,https://www.mouthshut.com/product-reviews/Favouriteflorist-com-reviews-925668502
FastTicket.in,https://www.mouthshut.com/product-reviews/FastTicket-in-reviews-925837864
Fastticket.in,https://www.mouthshut.com/product-reviews/Fastticket-in-reviews-925754375
Fashos.com,https://www.mouthshut.com/product-reviews/Fashos-com-reviews-925642749
Fashnvia.com,https://www.mouthshut.com/product-reviews/Fashnvia-com-reviews-925628851
Fashiononline.in,https://www.mouthshut.com/product-reviews/Fashiononline-in-reviews-925927162
Fashionjunkie.com,https://www.mouthshut.com/product-reviews/Fashionjunkie-com-reviews-925640960
Fashionequation.com,https://www.mouthshut.com/product-reviews/Fashionequation-com-reviews-925668428
Fashionara.com,https://www.mouthshut.com/product-reviews/Fashionara-com-reviews-925664784
Fashionandyou.com,https://www.mouthshut.com/product-reviews/Fashionandyou-com-reviews-925593180
Familykart.com,https://www.mouthshut.com/product-reviews/Familykart-com-reviews-925659976
Fairdealplaza.com,https://www.mouthshut.com/product-reviews/Fairdealplaza-com-reviews-925663388
Fairdeal.weebly.com,https://www.mouthshut.com/product-reviews/Fairdeal-weebly-com-reviews-925591340
Factoryrush.com,https://www.mouthshut.com/product-reviews/Factoryrush-com-reviews-925703341
FabMart.com (Old),https://www.mouthshut.com/product-reviews/FabMart-com-Old-reviews-925000499
FabMart.com,https://www.mouthshut.com/product-reviews/FabMart-com-reviews-925662553
Fabledeal.com,https://www.mouthshut.com/product-reviews/Fabledeal-com-reviews-925827322
Fabindia.com,https://www.mouthshut.com/product-reviews/Fabindia-com-reviews-925787780
Fabindia.com,https://www.mouthshut.com/product-reviews/Fabindia-com-reviews-925071617
Faballey.com,https://www.mouthshut.com/product-reviews/Faballey-com-reviews-925732948
Ezoneonline.in,https://www.mouthshut.com/product-reviews/Ezoneonline-in-reviews-925663176
Ezeekart.com,https://www.mouthshut.com/product-reviews/Ezeekart-com-reviews-925666965
Ezeecloud.com/,https://www.mouthshut.com/product-reviews/Ezeecloud-com-reviews-925703240
Ezebee.com,https://www.mouthshut.com/product-reviews/Ezebee-com-reviews-925771481
Eyewearlabs.com,https://www.mouthshut.com/product-reviews/Eyewearlabs-com-reviews-925916189
Expresscakesmumbai.com,https://www.mouthshut.com/product-reviews/Expresscakesmumbai-com-reviews-925643939
exoticindiaart.co.in,https://www.mouthshut.com/product-reviews/exoticindiaart-co-in-reviews-925667082
Excitinglives.com,https://www.mouthshut.com/product-reviews/Excitinglives-com-reviews-925631964
Exagle.in,https://www.mouthshut.com/product-reviews/Exagle-in-reviews-925668296
Evok.in,https://www.mouthshut.com/product-reviews/Evok-in-reviews-925918413
EverStylish.com,https://www.mouthshut.com/product-reviews/EverStylish-com-reviews-925827902
Eurekaforbes.com,https://www.mouthshut.com/product-reviews/Eurekaforbes-com-reviews-925753680
Etsy.com,https://www.mouthshut.com/product-reviews/Etsy-com-reviews-925759804
Ethoswatches.com,https://www.mouthshut.com/product-reviews/Ethoswatches-com-reviews-925877230
Ethnicstation.com,https://www.mouthshut.com/product-reviews/Ethnicstation-com-reviews-925738047
Eshop.webindia123.com,https://www.mouthshut.com/product-reviews/Eshop-webindia123-com-reviews-925588804
Esahiba.com,https://www.mouthshut.com/product-reviews/Esahiba-com-reviews-925840484
Ergode.com,https://www.mouthshut.com/product-reviews/Ergode-com-reviews-925666760
EramuKaka.com,https://www.mouthshut.com/product-reviews/EramuKaka-com-reviews-925670427
Emioption.com,https://www.mouthshut.com/product-reviews/Emioption-com-reviews-925840436
Emibazaar.com,https://www.mouthshut.com/product-reviews/Emibazaar-com-reviews-925733196
Elytclub.com,https://www.mouthshut.com/product-reviews/Elytclub-com-reviews-925918395
Elitify.com,https://www.mouthshut.com/product-reviews/Elitify-com-reviews-925703239
Electrikals.com,https://www.mouthshut.com/product-reviews/Electrikals-com-reviews-925787451
Ekstop.com,https://www.mouthshut.com/product-reviews/Ekstop-com-reviews-925696061
Efybonanza.com,https://www.mouthshut.com/product-reviews/Efybonanza-com-reviews-925075281
efello.com,https://www.mouthshut.com/product-reviews/efello-com-reviews-925632016
Edurite,https://www.mouthshut.com/product-reviews/Edurite-reviews-925715812
Edoordelivery.com,https://www.mouthshut.com/product-reviews/Edoordelivery-com-reviews-925670478
Ediy.in,https://www.mouthshut.com/product-reviews/Ediy-in-reviews-925840095
Edigiworld.com,https://www.mouthshut.com/product-reviews/Edigiworld-com-reviews-925641670
Edeal.in,https://www.mouthshut.com/product-reviews/Edeal-in-reviews-925628818
ecraftindia.com,https://www.mouthshut.com/product-reviews/ecraftindia-com-reviews-925670512
Ebazar.ninja,https://www.mouthshut.com/product-reviews/Ebazar-ninja-reviews-925774444
Ebazaarmall.goo2o.com,https://www.mouthshut.com/product-reviews/Ebazaarmall-goo2o-com-reviews-925631940
Ebay.in,https://www.mouthshut.com/product-reviews/Ebay-in-reviews-925000567
Ebay.com,https://www.mouthshut.com/product-reviews/Ebay-com-reviews-925103371
Ebagsfull.com,https://www.mouthshut.com/product-reviews/Ebagsfull-com-reviews-925663313
Ebags.com,https://www.mouthshut.com/product-reviews/Ebags-com-reviews-925039866
Easyration.com,https://www.mouthshut.com/product-reviews/Easyration-com-reviews-925660231
EasyBuyStore.com,https://www.mouthshut.com/product-reviews/EasyBuyStore-com-reviews-925040299
EasyBuyMusic.com,https://www.mouthshut.com/product-reviews/EasyBuyMusic-com-reviews-925028711
Earthygoods.co.in,https://www.mouthshut.com/product-reviews/Earthygoods-co-in-reviews-925614902
DvdMovieBox.com,https://www.mouthshut.com/product-reviews/DvdMovieBox-com-reviews-925040749
DrugStore.com,https://www.mouthshut.com/product-reviews/DrugStore-com-reviews-925043225
Drugneed.com,https://www.mouthshut.com/product-reviews/Drugneed-com-reviews-925664819
Droppedpin.net,https://www.mouthshut.com/product-reviews/Droppedpin-net-reviews-925616330
Droom.in,https://www.mouthshut.com/product-reviews/Droom-in-reviews-925864692
Dress365days.com,https://www.mouthshut.com/product-reviews/Dress365days-com-reviews-925670159
Doloarts.com,https://www.mouthshut.com/product-reviews/Doloarts-com-reviews-925665319
Dogspot.in,https://www.mouthshut.com/product-reviews/Dogspot-in-reviews-925754888
Diy.com,https://www.mouthshut.com/product-reviews/Diy-com-reviews-925811169
Diskounto.com,https://www.mouthshut.com/product-reviews/Diskounto-com-reviews-925668592
Discountsvu.com,https://www.mouthshut.com/product-reviews/Discountsvu-com-reviews-925642321
Discountkart.com,https://www.mouthshut.com/product-reviews/Discountkart-com-reviews-925665270
Dilsebol.com,https://www.mouthshut.com/product-reviews/Dilsebol-com-reviews-925076669
Digitalkitchenstore.com,https://www.mouthshut.com/product-reviews/Digitalkitchenstore-com-reviews-925641781
Digitalgiftstore.com,https://www.mouthshut.com/product-reviews/Digitalgiftstore-com-reviews-925631874
Digaaz.com,https://www.mouthshut.com/product-reviews/Digaaz-com-reviews-925667186
Dialhealth.com,https://www.mouthshut.com/product-reviews/Dialhealth-com-reviews-925696074
Dholdhamaka.com,https://www.mouthshut.com/product-reviews/Dholdhamaka-com-reviews-925664734
Dhamaalshop.com,https://www.mouthshut.com/product-reviews/Dhamaalshop-com-reviews-925871847
Demoport.in,https://www.mouthshut.com/product-reviews/Demoport-in-reviews-925807238
Delyver.com,https://www.mouthshut.com/product-reviews/Delyver-com-reviews-925664308
Delhiroses.com,https://www.mouthshut.com/product-reviews/Delhiroses-com-reviews-925644386
Dejavutrends.com,https://www.mouthshut.com/product-reviews/Dejavutrends-com-reviews-925703142
Decathlon.in,https://www.mouthshut.com/product-reviews/Decathlon-in-reviews-925773512
Dealznatch.com,https://www.mouthshut.com/product-reviews/Dealznatch-com-reviews-925663087
Dealzkart.com,https://www.mouthshut.com/product-reviews/Dealzkart-com-reviews-925914775
Dealtz.com,https://www.mouthshut.com/product-reviews/Dealtz-com-reviews-925667942
Dealsandyou.com,https://www.mouthshut.com/product-reviews/Dealsandyou-com-reviews-925615140
Dealsamzon.com,https://www.mouthshut.com/product-reviews/Dealsamzon-com-reviews-925888375
Deals4all.net,https://www.mouthshut.com/product-reviews/Deals4all-net-reviews-925076399
Deals2mint.com,https://www.mouthshut.com/product-reviews/Deals2mint-com-reviews-925593008
deals15.com,https://www.mouthshut.com/product-reviews/deals15-com-reviews-925702574
Dealnloot.com,https://www.mouthshut.com/product-reviews/Dealnloot-com-reviews-925769136
Dealmaker.co.in,https://www.mouthshut.com/product-reviews/Dealmaker-co-in-reviews-925660513
Dealivore.com,https://www.mouthshut.com/product-reviews/Dealivore-com-reviews-925616139
Dealinmart.com,https://www.mouthshut.com/product-reviews/Dealinmart-com-reviews-925913602
Dastkari.com,https://www.mouthshut.com/product-reviews/Dastkari-com-reviews-925663547
Daraz.pk,https://www.mouthshut.com/product-reviews/Daraz-pk-reviews-925917207
dailyobjects.com,https://www.mouthshut.com/product-reviews/dailyobjects-com-reviews-925667616
dailycatcher.in,https://www.mouthshut.com/product-reviews/dailycatcher-in-reviews-925702857
Cyankart.com,https://www.mouthshut.com/product-reviews/Cyankart-com-reviews-925703453
Customfurnish.com,https://www.mouthshut.com/product-reviews/Customfurnish-com-reviews-925841879
Cubishop.com,https://www.mouthshut.com/product-reviews/Cubishop-com-reviews-925816742
Crucial.com,https://www.mouthshut.com/product-reviews/Crucial-com-reviews-925035998
Cronora.in,https://www.mouthshut.com/product-reviews/Cronora-in-reviews-925660101
Croma.com,https://www.mouthshut.com/product-reviews/Croma-com-reviews-925868262
Creyate.com,https://www.mouthshut.com/product-reviews/Creyate-com-reviews-925747777
CredR.com,https://www.mouthshut.com/product-reviews/CredR-com-reviews-925792637
crazyflorist.com,https://www.mouthshut.com/product-reviews/crazyflorist-com-reviews-925702677
Craftykart.com,https://www.mouthshut.com/product-reviews/Craftykart-com-reviews-925667227
Craftsvilla.com,https://www.mouthshut.com/product-reviews/Craftsvilla-com-reviews-925640884
Craftkorner.com,https://www.mouthshut.com/product-reviews/Craftkorner-com-reviews-925855213
Craftcart.in,https://www.mouthshut.com/product-reviews/Craftcart-in-reviews-925670172
Craffts.com,https://www.mouthshut.com/product-reviews/Craffts-com-reviews-925664246
Coverscart.com,https://www.mouthshut.com/product-reviews/Coverscart-com-reviews-925735978
Countryflora.com,https://www.mouthshut.com/product-reviews/Countryflora-com-reviews-925667640
Coucoo.com,https://www.mouthshut.com/product-reviews/Coucoo-com-reviews-925589183
Cost-club.com,https://www.mouthshut.com/product-reviews/Cost-club-com-reviews-925739539
Copyfaxes.com,https://www.mouthshut.com/product-reviews/Copyfaxes-com-reviews-925615215
Coolwinks.com,https://www.mouthshut.com/product-reviews/Coolwinks-com-reviews-925864184
Coolbuy.in,https://www.mouthshut.com/product-reviews/Coolbuy-in-reviews-925872844
Connectindia.in,https://www.mouthshut.com/product-reviews/Connectindia-in-reviews-925617270
Confidentialcouture.com,https://www.mouthshut.com/product-reviews/Confidentialcouture-com-reviews-925872840
Compuindia.com,https://www.mouthshut.com/product-reviews/Compuindia-com-reviews-925703285
Coke2home.com,https://www.mouthshut.com/product-reviews/Coke2home-com-reviews-925738618
Coachmkt.com,https://www.mouthshut.com/product-reviews/Coachmkt-com-reviews-925663754
Clovia.com,https://www.mouthshut.com/product-reviews/Clovia-com-reviews-925791211
Clickoncart.com,https://www.mouthshut.com/product-reviews/Clickoncart-com-reviews-925664582
Clickoncare.com,https://www.mouthshut.com/product-reviews/Clickoncare-com-reviews-925686267
ClicknOrder.com,https://www.mouthshut.com/product-reviews/ClicknOrder-com-reviews-925020637
Clickbank.com,https://www.mouthshut.com/product-reviews/Clickbank-com-reviews-925762948
Cilory.com,https://www.mouthshut.com/product-reviews/Cilory-com-reviews-925663927
Chupchaplelo.com,https://www.mouthshut.com/product-reviews/Chupchaplelo-com-reviews-925830156
Chumbak.com,https://www.mouthshut.com/product-reviews/Chumbak-com-reviews-925663192
Chikanbarn.com,https://www.mouthshut.com/product-reviews/Chikanbarn-com-reviews-925668233
Chennaistore.com,https://www.mouthshut.com/product-reviews/Chennaistore-com-reviews-925631991
chennaibazaar.com,https://www.mouthshut.com/product-reviews/chennaibazaar-com-reviews-925094869
Chefkraft.com,https://www.mouthshut.com/product-reviews/Chefkraft-com-reviews-925775620
Champu.in,https://www.mouthshut.com/product-reviews/Champu-in-reviews-925669235
Chamakdamak.com,https://www.mouthshut.com/product-reviews/Chamakdamak-com-reviews-925667813
Cent2carat.com,https://www.mouthshut.com/product-reviews/Cent2carat-com-reviews-925667092
Cbazaar.com,https://www.mouthshut.com/product-reviews/Cbazaar-com-reviews-925614898
Cazbak.in,https://www.mouthshut.com/product-reviews/Cazbak-in-reviews-925663152
Catchin24.in,https://www.mouthshut.com/product-reviews/Catchin24-in-reviews-925668573
Casiostore.in,https://www.mouthshut.com/product-reviews/Casiostore-in-reviews-925703408
Casioindiashop.com,https://www.mouthshut.com/product-reviews/Casioindiashop-com-reviews-925862139
Cashbackindia.in,https://www.mouthshut.com/product-reviews/Cashbackindia-in-reviews-925775623
Cashback365.in,https://www.mouthshut.com/product-reviews/Cashback365-in-reviews-925728624
Cartpaysolutions.com,https://www.mouthshut.com/product-reviews/Cartpaysolutions-com-reviews-925793895
Cart2India.com,https://www.mouthshut.com/product-reviews/Cart2India-com-reviews-925728652
Carrymycard.com,https://www.mouthshut.com/product-reviews/Carrymycard-com-reviews-925668500
Carrymart.com,https://www.mouthshut.com/product-reviews/Carrymart-com-reviews-925660474
Carkhana.com,https://www.mouthshut.com/product-reviews/Carkhana-com-reviews-925668277
Caratstyle.com,https://www.mouthshut.com/product-reviews/Caratstyle-com-reviews-925805333
Caratlane.com,https://www.mouthshut.com/product-reviews/Caratlane-com-reviews-925616000
Canvasprint.in,https://www.mouthshut.com/product-reviews/Canvasprint-in-reviews-925617231
Candlewic.com,https://www.mouthshut.com/product-reviews/Candlewic-com-reviews-925048361
Callin2buy.com,https://www.mouthshut.com/product-reviews/Callin2buy-com-reviews-925670275
Cakeybakey.in,https://www.mouthshut.com/product-reviews/Cakeybakey-in-reviews-925918407
CakestoDelhi.com,https://www.mouthshut.com/product-reviews/CakestoDelhi-com-reviews-925667938
Cake2you.com,https://www.mouthshut.com/product-reviews/Cake2you-com-reviews-925668438
Cafegagdets.in,https://www.mouthshut.com/product-reviews/Cafegagdets-in-reviews-925073175
Cabelas.com,https://www.mouthshut.com/product-reviews/Cabelas-com-reviews-925039043
Bwitch.in,https://www.mouthshut.com/product-reviews/Bwitch-in-reviews-925670440
Buzzmart.com,https://www.mouthshut.com/product-reviews/Buzzmart-com-reviews-925641037
Buyundercover.com,https://www.mouthshut.com/product-reviews/Buyundercover-com-reviews-925662665
Buytheprice.com,https://www.mouthshut.com/product-reviews/Buytheprice-com-reviews-925597771
Buypetals.com,https://www.mouthshut.com/product-reviews/Buypetals-com-reviews-925628829
Buynewdeals.com,https://www.mouthshut.com/product-reviews/Buynewdeals-com-reviews-925871849
Buymangoes.com,https://www.mouthshut.com/product-reviews/Buymangoes-com-reviews-925090697
Buydebest.com,https://www.mouthshut.com/product-reviews/Buydebest-com-reviews-925669633
Buybazaar.com,https://www.mouthshut.com/product-reviews/Buybazaar-com-reviews-925663503
Buyatbrands.com,https://www.mouthshut.com/product-reviews/Buyatbrands-com-reviews-925660495
BuyAsOne.com,https://www.mouthshut.com/product-reviews/BuyAsOne-com-reviews-925000495
Buyanyperfume.com,https://www.mouthshut.com/product-reviews/Buyanyperfume-com-reviews-925668391
Buildkart.com,https://www.mouthshut.com/product-reviews/Buildkart-com-reviews-925703276
Budli.in,https://www.mouthshut.com/product-reviews/Budli-in-reviews-925923653
Browsecart.com,https://www.mouthshut.com/product-reviews/Browsecart-com-reviews-925664678
Browntape.com,https://www.mouthshut.com/product-reviews/Browntape-com-reviews-925865253
Bridesgalleria.com,https://www.mouthshut.com/product-reviews/Bridesgalleria-com-reviews-925670116
Boxight.com,https://www.mouthshut.com/product-reviews/Boxight-com-reviews-925738527
Boundless.in,https://www.mouthshut.com/product-reviews/Boundless-in-reviews-925660569
Bookshopofindia.com,https://www.mouthshut.com/product-reviews/Bookshopofindia-com-reviews-925077561
Bookshopinindia.com,https://www.mouthshut.com/product-reviews/Bookshopinindia-com-reviews-925640900
Bookshelf.co.in,https://www.mouthshut.com/product-reviews/Bookshelf-co-in-reviews-925670503
Bookmyshow.com,https://www.mouthshut.com/product-reviews/Bookmyshow-com-reviews-925075364
BookMyOffer.com,https://www.mouthshut.com/product-reviews/BookMyOffer-com-reviews-925754730
bookmydabba.com,https://www.mouthshut.com/product-reviews/bookmydabba-com-reviews-925668216
Bookmycake.com,https://www.mouthshut.com/product-reviews/Bookmycake-com-reviews-925664782
Bookmeds.com,https://www.mouthshut.com/product-reviews/Bookmeds-com-reviews-925767843
Bookbazaarindia.com,https://www.mouthshut.com/product-reviews/Bookbazaarindia-com-reviews-925670176
BookAdda.com,https://www.mouthshut.com/product-reviews/BookAdda-com-reviews-925590666
Bonitto.in,https://www.mouthshut.com/product-reviews/Bonitto-in-reviews-925740120
Bombayshavingcompany.com,https://www.mouthshut.com/product-reviews/Bombayshavingcompany-com-reviews-925860894
Bollyretails.com,https://www.mouthshut.com/product-reviews/Bollyretails-com-reviews-925640964
Bol.com,https://www.mouthshut.com/product-reviews/Bol-com-reviews-925035822
Bobbystreet.com,https://www.mouthshut.com/product-reviews/Bobbystreet-com-reviews-925668750
Bluoshn.com,https://www.mouthshut.com/product-reviews/Bluoshn-com-reviews-925664832
Bluestone.com,https://www.mouthshut.com/product-reviews/Bluestone-com-reviews-925660686
Blair.com,https://www.mouthshut.com/product-reviews/Blair-com-reviews-925037366
Black - Thunder - Systems.co.uk,https://www.mouthshut.com/product-reviews/Black-Thunder-Systems-co-uk-reviews-925040939
Blab.co.in,https://www.mouthshut.com/product-reviews/Blab-co-in-reviews-925643904
Bjain.com,https://www.mouthshut.com/product-reviews/Bjain-com-reviews-925666764
Bizongo.in,https://www.mouthshut.com/product-reviews/Bizongo-in-reviews-925871908
Bitfang.com,https://www.mouthshut.com/product-reviews/Bitfang-com-reviews-925615064
Bikegear.in,https://www.mouthshut.com/product-reviews/Bikegear-in-reviews-925664970
Bigsop.com,https://www.mouthshut.com/product-reviews/Bigsop-com-reviews-925677294
Bigshoebazaar.com,https://www.mouthshut.com/product-reviews/Bigshoebazaar-com-reviews-925062337
Bigperx.com,https://www.mouthshut.com/product-reviews/Bigperx-com-reviews-925667652
Bigntallapparel.com,https://www.mouthshut.com/product-reviews/Bigntallapparel-com-reviews-925640198
Bigbasket.com,https://www.mouthshut.com/product-reviews/Bigbasket-com-reviews-925660627
Bidwala.com,https://www.mouthshut.com/product-reviews/Bidwala-com-reviews-925663148
Bidfriends.com,https://www.mouthshut.com/product-reviews/Bidfriends-com-reviews-925102658
Biba.in,https://www.mouthshut.com/product-reviews/Biba-in-reviews-925739328
Bhaap.com,https://www.mouthshut.com/product-reviews/Bhaap-com-reviews-925660443
Bewakoof.com,https://www.mouthshut.com/product-reviews/Bewakoof-com-reviews-925662423
Beveragewala.com,https://www.mouthshut.com/product-reviews/Beveragewala-com-reviews-925715444
Bestylish.com,https://www.mouthshut.com/product-reviews/Bestylish-com-reviews-925628852
Bestebazaar.com,https://www.mouthshut.com/product-reviews/Bestebazaar-com-reviews-925615334
Bengalurugifts.com,https://www.mouthshut.com/product-reviews/Bengalurugifts-com-reviews-925667427
Bellstoneonline.com,https://www.mouthshut.com/product-reviews/Bellstoneonline-com-reviews-925865186
Bebabyready.com,https://www.mouthshut.com/product-reviews/Bebabyready-com-reviews-925667127
Beautybay.com,https://www.mouthshut.com/product-reviews/Beautybay-com-reviews-925923686
BazaarCart.com,https://www.mouthshut.com/product-reviews/BazaarCart-com-reviews-925738020
BathandBodyWorks.com,https://www.mouthshut.com/product-reviews/BathandBodyWorks-com-reviews-925038892
BatchMatesGifts.com,https://www.mouthshut.com/product-reviews/BatchMatesGifts-com-reviews-925041039
Bata.in,https://www.mouthshut.com/product-reviews/Bata-in-reviews-925640207
Basecamp.in,https://www.mouthshut.com/product-reviews/Basecamp-in-reviews-925660059
BarnesAndNoble.com,https://www.mouthshut.com/product-reviews/BarnesAndNoble-com-reviews-925038868
Barmonkey.in,https://www.mouthshut.com/product-reviews/Barmonkey-in-reviews-925670743
Bantia.in,https://www.mouthshut.com/product-reviews/Bantia-in-reviews-925922913
Bangoes.com,https://www.mouthshut.com/product-reviews/Bangoes-com-reviews-925062559
Banggood.com,https://www.mouthshut.com/product-reviews/Banggood-com-reviews-925916565
Bangaloreonlineflorists.com,https://www.mouthshut.com/product-reviews/Bangaloreonlineflorists-com-reviews-925102625
Bangaloreflowersgifts.com,https://www.mouthshut.com/product-reviews/Bangaloreflowersgifts-com-reviews-925840561
Bangaloreflorists.com,https://www.mouthshut.com/product-reviews/Bangaloreflorists-com-reviews-925667939
Bajaao.com,https://www.mouthshut.com/product-reviews/Bajaao-com-reviews-925667352
Bagskart.com,https://www.mouthshut.com/product-reviews/Bagskart-com-reviews-925663307
Bagittoday.com,https://www.mouthshut.com/product-reviews/Bagittoday-com-reviews-925615687
Bagitquick.com,https://www.mouthshut.com/product-reviews/Bagitquick-com-reviews-925920443
Bagitgetit.com,https://www.mouthshut.com/product-reviews/Bagitgetit-com-reviews-925670182
Baggitindia.com,https://www.mouthshut.com/product-reviews/Baggitindia-com-reviews-925616040
Back2basics.farm,https://www.mouthshut.com/product-reviews/Back2basics-farm-reviews-925839703
Bachatcity.com,https://www.mouthshut.com/product-reviews/Bachatcity-com-reviews-925667558
Babyrepublic.in,https://www.mouthshut.com/product-reviews/Babyrepublic-in-reviews-925670312
Babyoye.com,https://www.mouthshut.com/product-reviews/Babyoye-com-reviews-925641739
Ayurvedaforall.in,https://www.mouthshut.com/product-reviews/Ayurvedaforall-in-reviews-925668409
Awesomeji.com,https://www.mouthshut.com/product-reviews/Awesomeji-com-reviews-925670447
Autogully.com,https://www.mouthshut.com/product-reviews/Autogully-com-reviews-925703233
Autodivine.com,https://www.mouthshut.com/product-reviews/Autodivine-com-reviews-925917878
Atkart.com,https://www.mouthshut.com/product-reviews/Atkart-com-reviews-925668192
Athome.co.in,https://www.mouthshut.com/product-reviews/Athome-co-in-reviews-925670533
Askmegrocery.com,https://www.mouthshut.com/product-reviews/Askmegrocery-com-reviews-925786939
Askmebazaar.com,https://www.mouthshut.com/product-reviews/Askmebazaar-com-reviews-925669326
Aryzon.com,https://www.mouthshut.com/product-reviews/Aryzon-com-reviews-925644415
Aryagifts.com,https://www.mouthshut.com/product-reviews/Aryagifts-com-reviews-925868382
Artlivo.com,https://www.mouthshut.com/product-reviews/Artlivo-com-reviews-925662604
ArchiesOnline.com,https://www.mouthshut.com/product-reviews/ArchiesOnline-com-reviews-925007131
Ar4mangoes.com,https://www.mouthshut.com/product-reviews/Ar4mangoes-com-reviews-925740736
Aquariumsindia.com,https://www.mouthshut.com/product-reviews/Aquariumsindia-com-reviews-925664715
Andaazonline.com,https://www.mouthshut.com/product-reviews/Andaazonline-com-reviews-925660477
Anaazmandi.com,https://www.mouthshut.com/product-reviews/Anaazmandi-com-reviews-925877236
Americanswan.com,https://www.mouthshut.com/product-reviews/Americanswan-com-reviews-925677274
Amchiemumbai.com,https://www.mouthshut.com/product-reviews/Amchiemumbai-com-reviews-925660476
Amazon.in,https://www.mouthshut.com/product-reviews/Amazon-in-reviews-925670774
Amazon.com,https://www.mouthshut.com/product-reviews/Amazon-com-reviews-925000493
Alumawalletindia.com,https://www.mouthshut.com/product-reviews/Alumawalletindia-com-reviews-925667233
Almostfree.in,https://www.mouthshut.com/product-reviews/Almostfree-in-reviews-925663396
almamaterstore.in,https://www.mouthshut.com/product-reviews/almamaterstore-in-reviews-925668187
Allschoolstuff.com,https://www.mouthshut.com/product-reviews/Allschoolstuff-com-reviews-925643951
Allhitdeals.com,https://www.mouthshut.com/product-reviews/Allhitdeals-com-reviews-925663760
Allforyourwedding.com,https://www.mouthshut.com/product-reviews/Allforyourwedding-com-reviews-925626292
AliExpress.com,https://www.mouthshut.com/product-reviews/AliExpress-com-reviews-925758176
AJIO.com,https://www.mouthshut.com/product-reviews/AJIO-com-reviews-925839312
Aionioscreations.com,https://www.mouthshut.com/product-reviews/Aionioscreations-com-reviews-925918499
Ahappydeal.com,https://www.mouthshut.com/product-reviews/Ahappydeal-com-reviews-925667856
Agnikart.com,https://www.mouthshut.com/product-reviews/Agnikart-com-reviews-925669296
Afamado.net,https://www.mouthshut.com/product-reviews/Afamado-net-reviews-925917409
Admyrin.com,https://www.mouthshut.com/product-reviews/Admyrin-com-reviews-925860261
Adexmart.com,https://www.mouthshut.com/product-reviews/Adexmart-com-reviews-925641788
Addimon.com,https://www.mouthshut.com/product-reviews/Addimon-com-reviews-925702790
Adahfashions.com,https://www.mouthshut.com/product-reviews/Adahfashions-com-reviews-925663700
Acousticsforyou.com,https://www.mouthshut.com/product-reviews/Acousticsforyou-com-reviews-925104462
Acadzone.com,https://www.mouthshut.com/product-reviews/Acadzone-com-reviews-925702847
Abof.com,https://www.mouthshut.com/product-reviews/Abof-com-reviews-925806373
Aaramshop.com,https://www.mouthshut.com/product-reviews/Aaramshop-com-reviews-925733115
Aajkacatch.com,https://www.mouthshut.com/product-reviews/Aajkacatch-com-reviews-925614940
A2zbaby.com,https://www.mouthshut.com/product-reviews/A2zbaby-com-reviews-925626951
A1cityflowers.in,https://www.mouthshut.com/product-reviews/A1cityflowers-in-reviews-925671967
A1bangaloreflowers.com,https://www.mouthshut.com/product-reviews/A1bangaloreflowers-com-reviews-925659910
9rasa.com,https://www.mouthshut.com/product-reviews/9rasa-com-reviews-925667637
99Labels.com,https://www.mouthshut.com/product-reviews/99Labels-com-reviews-925627013
99blooms.com,https://www.mouthshut.com/product-reviews/99blooms-com-reviews-925640965
86brands.com,https://www.mouthshut.com/product-reviews/86brands-com-reviews-925667733
3gstore.in,https://www.mouthshut.com/product-reviews/3gstore-in-reviews-925663721
24x7fresh.in,https://www.mouthshut.com/product-reviews/24x7fresh-in-reviews-925839927
24ShoppingBazzar.com,https://www.mouthshut.com/product-reviews/24ShoppingBazzar-com-reviews-925738544
24sevenindia.com,https://www.mouthshut.com/product-reviews/24sevenindia-com-reviews-925669238
24hoursloot.com,https://www.mouthshut.com/product-reviews/24hoursloot-com-reviews-925663439
21diamonds.in,https://www.mouthshut.com/product-reviews/21diamonds-in-reviews-925667430
1click1call.com,https://www.mouthshut.com/product-reviews/1click1call-com-reviews-925664169
143gifts.com,https://www.mouthshut.com/product-reviews/143gifts-com-reviews-925644424
101deals.in,https://www.mouthshut.com/product-reviews/101deals-in-reviews-925702922
100bestbuy.com,https://www.mouthshut.com/product-reviews/100bestbuy-com-reviews-925641673
0 5days.net,https://www.mouthshut.com/product-reviews/0-5days-net-reviews-925102645
